record_id,timestamp_ns,timestamp_sec,world_frame,lidar_tx,lidar_ty,lidar_tz,lidar_qx,lidar_qy,lidar_qz,lidar_qw,lidar_cloud_file,point_count
0,1788253577597014784,1788253577.597014666,odom,-0.011636178336,-0.022786255258,0.044773060900,-0.006007235114,-0.006046828212,-0.000000969848,0.999963673837,keyframes_lidar/keyframe_000000.pcd,3434
1,1788253582697161472,1788253582.697161436,odom,-0.013209295386,-0.023773254583,0.043104522429,-0.005242490262,-0.007062351280,-0.000568429244,0.999961157435,keyframes_lidar/keyframe_000001.pcd,3437
2,1788253587796982528,1788253587.796982527,odom,-0.014175070389,-0.023457432407,0.043028341769,-0.005174716836,-0.007259904577,-0.000464431004,0.999960149403,keyframes_lidar/keyframe_000002.pcd,3475
3,1788253592897414144,1788253592.897414207,odom,-0.015033297699,-0.023276339301,0.043216111581,-0.005417677531,-0.007002881114,-0.000577758331,0.999960636536,keyframes_lidar/keyframe_000003.pcd,3454
4,1788253597996888832,1788253597.996888876,odom,-0.013153420996,-0.023474170117,0.044500486495,-0.005459958976,-0.006985666628,-0.000312558280,0.999960645034,keyframes_lidar/keyframe_000004.pcd,3455
5,1788253603096734464,1788253603.096734524,odom,-0.014192086497,-0.022374582343,0.043808948445,-0.005278388996,-0.007032992294,-0.000581076761,0.999961168235,keyframes_lidar/keyframe_000005.pcd,3446
6,1788253608096748544,1788253608.096748590,odom,-0.014425891937,-0.022730170415,0.044251827115,-0.005480124017,-0.006934529023,-0.000445376963,0.999960840327,keyframes_lidar/keyframe_000006.pcd,3443
7,1788253613098063104,1788253613.098063231,odom,-0.015351630426,-0.023110181241,0.044038564976,-0.005359235515,-0.007133398204,-0.000659236499,0.999959978515,keyframes_lidar/keyframe_000007.pcd,3448
8,1788253618196757504,1788253618.196757555,odom,-0.014032101308,-0.022748380929,0.044112274093,-0.005343373664,-0.006934322319,-0.000552772618,0.999961528247,keyframes_lidar/keyframe_000008.pcd,3421
9,1788253623297961472,1788253623.297961473,odom,-0.013990240100,-0.023759774930,0.044585642957,-0.005386554536,-0.006849510383,-0.000430709015,0.999961941140,keyframes_lidar/keyframe_000009.pcd,3490
10,1788253628397676288,1788253628.397676229,odom,-0.014153701254,-0.022012259098,0.044008927039,-0.005337007706,-0.007085940072,-0.000846571345,0.999960293771,keyframes_lidar/keyframe_000010.pcd,3436
11,1788253633497783808,1788253633.497783899,odom,-0.014518721429,-0.022470322108,0.043841775335,-0.005346093350,-0.007209220902,-0.000631705813,0.999959522865,keyframes_lidar/keyframe_000011.pcd,3431
12,1788253638596529152,1788253638.596529245,odom,-0.015102875317,-0.022664464773,0.044804949854,-0.005331324777,-0.006952046348,-0.000549575918,0.999961471255,keyframes_lidar/keyframe_000012.pcd,3440
13,1788253643597769728,1788253643.597769737,odom,-0.014327838961,-0.022392094706,0.044240536064,-0.005356961893,-0.007103688561,-0.000617059079,0.999960229112,keyframes_lidar/keyframe_000013.pcd,3493
14,1788253648697516032,1788253648.697515965,odom,-0.014175496305,-0.022021143923,0.044281813164,-0.005369634169,-0.006929132929,-0.000546481918,0.999961427008,keyframes_lidar/keyframe_000014.pcd,3434
15,1788253653797531904,1788253653.797531843,odom,-0.014485251735,-0.022404654823,0.043926833854,-0.005268362010,-0.007047574735,-0.000435930045,0.999961192256,keyframes_lidar/keyframe_000015.pcd,3438
16,1788253658897093632,1788253658.897093534,odom,-0.015085360237,-0.020998601824,0.044171534326,-0.005355539342,-0.007100995115,-0.000723680260,0.999960184384,keyframes_lidar/keyframe_000016.pcd,3463
17,1788253663897541376,1788253663.897541285,odom,-0.015254566889,-0.023480589870,0.043924911036,-0.005392275051,-0.006921585534,-0.000489894803,0.999961386768,keyframes_lidar/keyframe_000017.pcd,3492
18,1788253668997362432,1788253668.997362375,odom,-0.014399422119,-0.021942531282,0.043211041076,-0.005267228340,-0.007117105620,-0.000520526161,0.999960665309,keyframes_lidar/keyframe_000018.pcd,3440
19,1788253673997624576,1788253673.997624636,odom,-0.013096202627,-0.022579262637,0.044060624262,-0.005380461544,-0.007071370316,-0.000448042498,0.999960422023,keyframes_lidar/keyframe_000019.pcd,3488
20,1788253679097257984,1788253679.097258091,odom,-0.014215320073,-0.022977611057,0.043897470500,-0.005388208774,-0.006962803768,-0.000517266463,0.999961108746,keyframes_lidar/keyframe_000020.pcd,3437
21,1788253684097408256,1788253684.097408295,odom,-0.014080995525,-0.022057926554,0.044224075583,-0.005363758647,-0.007086749703,-0.000571619182,0.999960339875,keyframes_lidar/keyframe_000021.pcd,3432
22,1788253689097603584,1788253689.097603559,odom,-0.013875669521,-0.022106161448,0.044188715490,-0.005344820194,-0.007107058106,-0.000640773784,0.999960255226,keyframes_lidar/keyframe_000022.pcd,3476
23,1788253694197454336,1788253694.197454214,odom,-0.013716832193,-0.023053130315,0.044434760753,-0.005322735436,-0.007067477792,-0.000507791186,0.999960729926,keyframes_lidar/keyframe_000023.pcd,3434
24,1788253699197516288,1788253699.197516203,odom,-0.015391121987,-0.021256305592,0.043832886926,-0.005418765725,-0.007020140496,-0.000550516406,0.999960524989,keyframes_lidar/keyframe_000024.pcd,3459
25,1788253704297222912,1788253704.297222853,odom,-0.013845671151,-0.023025802957,0.044417715783,-0.005405106236,-0.007085487131,-0.000551133846,0.999960137681,keyframes_lidar/keyframe_000025.pcd,3438
26,1788253709297352704,1788253709.297352791,odom,-0.014735090510,-0.021576809561,0.043302054442,-0.005286826742,-0.007167291180,-0.000585280561,0.999960167630,keyframes_lidar/keyframe_000026.pcd,3443
27,1788253714298109440,1788253714.298109531,odom,-0.014613213536,-0.021475327899,0.044115741533,-0.005319496229,-0.007070019852,-0.000722194091,0.999960597331,keyframes_lidar/keyframe_000027.pcd,3435
28,1788253719397444608,1788253719.397444725,odom,-0.014301082229,-0.022500926664,0.044097528254,-0.005356659584,-0.006959206746,-0.000610527839,0.999961250697,keyframes_lidar/keyframe_000028.pcd,3460
29,1788253724397739776,1788253724.397739887,odom,-0.014818762636,-0.022727361390,0.044642417575,-0.005410320805,-0.007142408121,-0.000618011294,0.999959665435,keyframes_lidar/keyframe_000029.pcd,3447
30,1788253729496913920,1788253729.496913910,odom,-0.014259752805,-0.021835159956,0.044564693678,-0.005331475534,-0.006971152833,-0.000662516295,0.999961268984,keyframes_lidar/keyframe_000030.pcd,3420
31,1788253734597952512,1788253734.597952604,odom,-0.014484709951,-0.022304436759,0.043949720483,-0.005321573692,-0.007000814905,-0.000585398350,0.999961162622,keyframes_lidar/keyframe_000031.pcd,3475
32,1788253739598125824,1788253739.598125696,odom,-0.013730177875,-0.022892785194,0.043766782608,-0.005389446947,-0.007016747829,-0.000492647197,0.999960737434,keyframes_lidar/keyframe_000032.pcd,3501
33,1788253744697775616,1788253744.697775602,odom,-0.013164111998,-0.023103583894,0.044808953815,-0.005395497538,-0.006923982153,-0.000483461912,0.999961355924,keyframes_lidar/keyframe_000033.pcd,3479
34,1788253749698044928,1788253749.698045015,odom,-0.014559663610,-0.021543602723,0.043633271358,-0.005355582769,-0.006970817125,-0.000636045216,0.999961159690,keyframes_lidar/keyframe_000034.pcd,3499
35,1788253754797257216,1788253754.797257185,odom,-0.015035628014,-0.021593302648,0.043698275162,-0.005399423340,-0.007085859725,-0.000540702114,0.999960171437,keyframes_lidar/keyframe_000035.pcd,3456
36,1788253759797737472,1788253759.797737360,odom,0.005478948150,-0.119659938466,0.045824518703,-0.004888057158,-0.006690089362,-0.073598825285,0.997253509655,keyframes_lidar/keyframe_000036.pcd,3494
37,1788253764896816640,1788253764.896816730,odom,-0.248252692605,0.323988738914,0.040114913671,-0.005470840363,-0.006476036784,0.305129906458,0.952273002367,keyframes_lidar/keyframe_000037.pcd,3267
38,1788253769897467136,1788253769.897467136,odom,0.002975460119,-0.338612626862,0.046458498338,-0.004045266500,-0.005259188202,-0.230085854714,0.973147715519,keyframes_lidar/keyframe_000038.pcd,3511
39,1788253774897588736,1788253774.897588730,odom,-0.180566437270,-0.713750190973,0.043912278875,-0.000378921603,-0.004114033639,-0.511256941164,0.859417984020,keyframes_lidar/keyframe_000039.pcd,3317
40,1788253779997235968,1788253779.997236013,odom,-0.315174849689,-0.477046567620,0.040592079235,-0.000763055296,-0.003637671107,-0.512014965746,0.858968486004,keyframes_lidar/keyframe_000040.pcd,3334
41,1788253784997439744,1788253784.997439861,odom,-0.520543412067,-0.338236595181,0.036013814335,0.000662793624,-0.002925007839,-0.579651905754,0.814858682956,keyframes_lidar/keyframe_000041.pcd,3255
42,1788253789997509120,1788253789.997509241,odom,-0.742051510338,-0.109953070339,0.034107693595,0.001411394439,-0.003188348013,-0.655031101862,0.755593871069,keyframes_lidar/keyframe_000042.pcd,3157
43,1788253795097583872,1788253795.097583771,odom,-0.745064765449,-0.097669112849,0.033458145044,0.001271826562,-0.003096994466,-0.655772190693,0.754951405718,keyframes_lidar/keyframe_000043.pcd,3110
44,1788253800197574656,1788253800.197574615,odom,-0.779939053375,0.125356897550,0.033052894025,0.000897988855,-0.002902314288,-0.653383524968,0.757020963705,keyframes_lidar/keyframe_000044.pcd,3179
45,1788253805297332992,1788253805.297333002,odom,-0.773997537100,0.390730713306,0.032413784730,0.004321700634,0.000200058203,-0.628050946910,0.778160196210,keyframes_lidar/keyframe_000045.pcd,3151
46,1788253810297489152,1788253810.297489166,odom,-0.914852748779,0.651571868213,0.026708082045,0.003237323579,-0.000540490856,-0.668852081979,0.743388270044,keyframes_lidar/keyframe_000046.pcd,3051
47,1788253815397444096,1788253815.397444010,odom,-1.016941753064,1.186556610928,0.030758532908,-0.001152834116,-0.003839231189,-0.693765142460,0.720190154324,keyframes_lidar/keyframe_000047.pcd,2894
48,1788253820497492480,1788253820.497492552,odom,-1.078165541713,2.152710622133,0.022404144549,0.006365021040,-0.003476834657,-0.697327073020,0.716716367443,keyframes_lidar/keyframe_000048.pcd,2962
49,1788253825597079296,1788253825.597079277,odom,-1.123651865725,3.117024803499,0.019969825251,0.006785207621,-0.002137215346,-0.698576819652,0.715499699730,keyframes_lidar/keyframe_000049.pcd,3096
50,1788253830597352448,1788253830.597352505,odom,-1.163623886383,4.071141661243,0.024889724132,0.004135411647,-0.002055701233,-0.699281106931,0.714831872507,keyframes_lidar/keyframe_000050.pcd,2579
51,1788253835697088000,1788253835.697088003,odom,-1.202253721065,5.039243552196,0.024405521426,0.002473661095,-0.000614035208,-0.698915349532,0.715199858885,keyframes_lidar/keyframe_000051.pcd,3125
52,1788253840697127424,1788253840.697127342,odom,-1.244075465273,5.999574391268,0.028515848200,-0.001577227843,-0.003669443252,-0.699130822908,0.714982615172,keyframes_lidar/keyframe_000052.pcd,3094
53,1788253845697634816,1788253845.697634697,odom,-1.285371316974,6.948090662720,0.022377794832,-0.004090787612,-0.001952207705,-0.699038554994,0.715069614076,keyframes_lidar/keyframe_000053.pcd,3125
54,1788253850797216256,1788253850.797216177,odom,-1.328234265608,7.922692973786,0.004955569930,-0.003772910738,-0.003304965939,-0.699549071133,0.714566959369,keyframes_lidar/keyframe_000054.pcd,3117
55,1788253855797568512,1788253855.797568560,odom,-1.371327476098,8.870655579009,-0.006352278404,0.002833526197,-0.000255179726,-0.699289280160,0.714833133442,keyframes_lidar/keyframe_000055.pcd,3181
56,1788253860897225216,1788253860.897225142,odom,-1.413560609893,9.837391819848,-0.002763556292,0.003312820215,0.000467649108,-0.698518998764,0.715583688252,keyframes_lidar/keyframe_000056.pcd,3171
57,1788253865897325824,1788253865.897325754,odom,-1.457974407805,10.788845514898,-0.000757122800,0.003476845271,0.000765279515,-0.697430660881,0.716643425392,keyframes_lidar/keyframe_000057.pcd,3222
58,1788253870996999936,1788253870.996999979,odom,-1.501727571041,11.762596794477,0.006029836008,0.000055158317,-0.002757695315,-0.697199636414,0.716871717296,keyframes_lidar/keyframe_000058.pcd,3282
59,1788253875997104896,1788253875.997104883,odom,-1.554837283589,12.713435178258,0.003388034045,0.004019339014,-0.004506693757,-0.697093690487,0.716954615933,keyframes_lidar/keyframe_000059.pcd,3282
60,1788253881096280832,1788253881.096280813,odom,-1.605274140889,13.685093916141,-0.002723967910,0.007788708007,-0.005301466969,-0.696666862160,0.717332916883,keyframes_lidar/keyframe_000060.pcd,3259
61,1788253886097891072,1788253886.097891092,odom,-1.654235450431,14.635483357130,-0.001973874889,0.009513659797,-0.005147650392,-0.696432721673,0.717540560635,keyframes_lidar/keyframe_000061.pcd,3251
62,1788253891195783424,1788253891.195783377,odom,-1.700223145205,15.599893099971,0.002282637305,0.007720805153,-0.000520793789,-0.696006574735,0.717993708794,keyframes_lidar/keyframe_000062.pcd,3109
63,1788253896197876736,1788253896.197876692,odom,-1.748902782471,16.554252609048,0.008565829379,0.005048262266,-0.001493103570,-0.695683636785,0.718329007628,keyframes_lidar/keyframe_000063.pcd,3148
64,1788253901297401856,1788253901.297401905,odom,-1.797352154421,17.523754325664,0.012399368568,0.003079667507,-0.000211181873,-0.696182827072,0.717857884501,keyframes_lidar/keyframe_000064.pcd,3107
65,1788253906297594624,1788253906.297594547,odom,-1.843632691826,18.473018962012,0.012096073564,0.002018531146,0.001501122396,-0.696418675931,0.717631312011,keyframes_lidar/keyframe_000065.pcd,3121
66,1788253911395137024,1788253911.395137072,odom,-1.891424433282,19.447123945824,0.022087915442,-0.003824884651,-0.002653487145,-0.696491578722,0.717549865886,keyframes_lidar/keyframe_000066.pcd,3080
67,1788253916397499904,1788253916.397499800,odom,-1.936693416309,20.401870266316,0.011152219906,-0.003797413156,-0.000086909894,-0.696481168651,0.717565017134,keyframes_lidar/keyframe_000067.pcd,3056
68,1788253921495349504,1788253921.495349407,odom,-1.964180249362,20.922286128976,0.006122336992,-0.003623961477,0.001210448625,-0.696603847291,0.717445803986,keyframes_lidar/keyframe_000068.pcd,3037
69,1788253926497553408,1788253926.497553349,odom,-2.008855358805,21.824779722127,0.002990266487,-0.002351240249,0.003072228559,-0.696732968780,0.717320153973,keyframes_lidar/keyframe_000069.pcd,3028
70,1788253931595280128,1788253931.595280170,odom,-2.061379402309,22.793814738140,0.000841244446,0.002786065426,0.001742172163,-0.696453144706,0.717594746291,keyframes_lidar/keyframe_000070.pcd,3023
71,1788253936597653504,1788253936.597653627,odom,-2.040987114664,22.390680648149,0.002818402468,-0.001735580413,0.002732438818,-0.697070454851,0.716995329492,keyframes_lidar/keyframe_000071.pcd,3047
72,1788253941695294208,1788253941.695294142,odom,-1.990767219716,21.419092648538,0.001622709796,-0.002853413869,0.003421286493,-0.696876005806,0.717177792016,keyframes_lidar/keyframe_000072.pcd,3040
73,1788253946697449472,1788253946.697449446,odom,-1.941299502087,20.473411005512,0.009846639170,-0.004290766449,-0.000208170840,-0.696262320606,0.717774565510,keyframes_lidar/keyframe_000073.pcd,3055
74,1788253951795913472,1788253951.795913458,odom,-1.891779765731,19.502844690943,0.022021739182,-0.004574523774,-0.002572075059,-0.695935407935,0.718085208137,keyframes_lidar/keyframe_000074.pcd,3094
75,1788253956796919808,1788253956.796919823,odom,-1.839550099295,18.545642456288,0.015859536632,0.001190022825,0.001815346731,-0.695237153738,0.718777147957,keyframes_lidar/keyframe_000075.pcd,3106
76,1788253961797040640,1788253961.797040701,odom,-1.791497385582,17.594926103528,0.013908485499,0.002387228750,-0.000156281723,-0.695182272677,0.718829523928,keyframes_lidar/keyframe_000076.pcd,3096
77,1788253966797604096,1788253966.797604084,odom,-1.742979134558,16.637037476297,0.008013863513,0.003581498960,-0.000320853807,-0.694897856504,0.719099463874,keyframes_lidar/keyframe_000077.pcd,3145
78,1788253971897133312,1788253971.897133350,odom,-1.696938734243,15.658730605136,0.002533660183,0.006748642773,-0.000584518516,-0.694838958702,0.719133461625,keyframes_lidar/keyframe_000078.pcd,3154
79,1788253976997273856,1788253976.997273922,odom,-1.647149307332,14.690184289542,-0.000309803909,0.008654228517,-0.004887050233,-0.694299425339,0.719617626968,keyframes_lidar/keyframe_000079.pcd,3254
80,1788253981997501440,1788253981.997501373,odom,-1.602100650690,13.735516395824,-0.003409515668,0.008004581408,-0.005553265195,-0.695614409190,0.718349275526,keyframes_lidar/keyframe_000080.pcd,3248
81,1788253987097173248,1788253987.097173214,odom,-1.554924527111,12.766716333524,0.000770884073,0.004168608368,-0.005385035328,-0.696542608084,0.717483114242,keyframes_lidar/keyframe_000081.pcd,3285
82,1788253992097414400,1788253992.097414494,odom,-1.504641753772,11.812444170875,0.006859608301,-0.000164886085,-0.003044735020,-0.696748271723,0.717309241717,keyframes_lidar/keyframe_000082.pcd,3258
83,1788253997197196288,1788253997.197196245,odom,-1.454545196450,10.836115624473,0.000201877510,0.003174465853,0.000946545650,-0.696561617423,0.717489330896,keyframes_lidar/keyframe_000083.pcd,3182
84,1788254002198277888,1788254002.198277950,odom,-1.407059860400,9.883056113737,-0.002173197817,0.002530316854,-0.000031228322,-0.696651288981,0.717405448880,keyframes_lidar/keyframe_000084.pcd,3188
85,1788254007298197248,1788254007.298197269,odom,-1.364481471436,8.915174315723,-0.008846476406,0.002176402396,0.000027024752,-0.697359766558,0.716717949077,keyframes_lidar/keyframe_000085.pcd,3165
86,1788254012397996032,1788254012.397995949,odom,-1.322807231022,7.952253504653,0.004500454339,-0.003579396321,-0.003188585603,-0.698058936819,0.716024260462,keyframes_lidar/keyframe_000086.pcd,3123
87,1788254017497959680,1788254017.497959614,odom,-1.275243759038,6.981465811619,0.021717953709,-0.005212773003,-0.002604275508,-0.697752544489,0.716315176027,keyframes_lidar/keyframe_000087.pcd,3102
88,1788254022597893632,1788254022.597893715,odom,-1.230506372024,6.011960713855,0.027936606168,-0.002934460848,-0.002802685271,-0.696846031900,0.717209273309,keyframes_lidar/keyframe_000088.pcd,3128
89,1788254027697775872,1788254027.697775841,odom,-1.187240468978,5.037582428212,0.023888167900,0.001966651183,-0.000405991177,-0.697261782510,0.716813765288,keyframes_lidar/keyframe_000089.pcd,3150
90,1788254032797573632,1788254032.797573566,odom,-1.145053442238,4.064706257053,0.024707479864,0.003077371987,-0.001863299061,-0.697196457725,0.716871088296,keyframes_lidar/keyframe_000090.pcd,3102
91,1788254037797613312,1788254037.797613382,odom,-1.100712352090,3.108227967690,0.018523656899,0.005440361649,-0.002089988269,-0.696470759675,0.717561506306,keyframes_lidar/keyframe_000091.pcd,3059
92,1788254042797662720,1788254042.797662735,odom,-1.061858055384,2.154896743765,0.021537783422,0.005390057999,-0.003858034917,-0.697628292616,0.716429220638,keyframes_lidar/keyframe_000092.pcd,2943
93,1788254047897586432,1788254047.897586346,odom,-1.029625660321,1.184375466601,0.031507366915,-0.000125000778,-0.004781136467,-0.700692601484,0.713447267381,keyframes_lidar/keyframe_000093.pcd,2867
94,1788254052397161472,1788254052.397161484,odom,-1.011431820271,0.178014737532,0.027408740311,0.001369800506,0.000279953891,-0.707083814287,0.707128365182,keyframes_lidar/keyframe_000094.pcd,2950
95,1788254056397683456,1788254056.397683382,odom,-0.988852928366,-0.837349219583,0.028278808040,0.000424578278,-0.001795706871,-0.704990714573,0.709214133768,keyframes_lidar/keyframe_000095.pcd,2910
96,1788254061495298560,1788254061.495298624,odom,-0.984760285573,-0.924207688400,0.029027087556,-0.000079517738,-0.002159110263,-0.705099091391,0.709105495141,keyframes_lidar/keyframe_000096.pcd,2854
97,1788254066497696512,1788254066.497696638,odom,-0.985115655704,-0.921418252110,0.029618868645,0.000036766473,-0.001982186374,-0.704928620687,0.709275481969,keyframes_lidar/keyframe_000097.pcd,2977
98,1788254071596153856,1788254071.596153975,odom,-0.529247442464,-0.442019606984,0.037966067418,-0.003289097635,-0.004175980381,-0.265858427204,0.963997427232,keyframes_lidar/keyframe_000098.pcd,3384
99,1788254076597517312,1788254076.597517252,odom,-0.303545643487,-0.002110730890,0.039955029560,-0.004878175731,-0.004921013768,0.044576256811,0.998981953968,keyframes_lidar/keyframe_000099.pcd,3463
100,1788254080697046784,1788254080.697046757,odom,0.698453038829,0.094960108846,0.056687907717,-0.003689737050,-0.007681845752,0.043181590433,0.999030893083,keyframes_lidar/keyframe_000100.pcd,3506
101,1788254085697360128,1788254085.697360039,odom,1.051425184950,0.398285040478,0.067450339706,-0.004477411977,-0.011477984746,0.267091241316,0.963592485162,keyframes_lidar/keyframe_000101.pcd,3419
102,1788254090796345856,1788254090.796345949,odom,0.589954802174,0.580565409882,0.054027230269,-0.008240853375,-0.009815455036,0.597644795029,0.801658558336,keyframes_lidar/keyframe_000102.pcd,3306
103,1788254095797278720,1788254095.797278643,odom,0.403997888620,0.342942925541,0.051148753824,-0.010364517044,-0.009990305154,0.704390236265,0.709666939940,keyframes_lidar/keyframe_000103.pcd,3269
104,1788254100897081600,1788254100.897081614,odom,0.407250390589,1.237095922185,0.051275469252,-0.008797824891,-0.009891742143,0.702246193207,0.711811095616,keyframes_lidar/keyframe_000104.pcd,3220
105,1788254103896121600,1788254103.896121502,odom,0.324255543825,2.249547206202,0.051361370804,-0.010810604359,-0.011677033354,0.720022072173,0.693768688620,keyframes_lidar/keyframe_000105.pcd,3155
106,1788254108897438720,1788254108.897438765,odom,0.258798041893,3.210006874406,0.041667857706,-0.013615101372,-0.011510151201,0.720126127276,0.693614090289,keyframes_lidar/keyframe_000106.pcd,3307
107,1788254113996990208,1788254113.996990204,odom,0.196416938478,4.175933849807,0.042746310075,-0.010826070113,-0.011018761686,0.721690380427,0.692043624273,keyframes_lidar/keyframe_000107.pcd,3291
108,1788254118997398016,1788254118.997398138,odom,0.137950989568,5.126902443042,0.050985843382,-0.005510357900,-0.009329543887,0.722556865962,0.691226569959,keyframes_lidar/keyframe_000108.pcd,3305
109,1788254124096214528,1788254124.096214533,odom,0.073060507736,6.098410675497,0.050545881849,-0.006661645096,-0.008708184283,0.722554146973,0.691227382779,keyframes_lidar/keyframe_000109.pcd,3233
110,1788254129097334272,1788254129.097334385,odom,0.007409941252,7.049649530677,0.048560587199,-0.009504705053,-0.007651683958,0.722705881041,0.691047988076,keyframes_lidar/keyframe_000110.pcd,3231
111,1788254134198218752,1788254134.198218822,odom,-0.049559099510,8.028425159456,0.044790311690,-0.011895780430,-0.009731211594,0.720368065924,0.693421692425,keyframes_lidar/keyframe_000111.pcd,3225
112,1788254139297961984,1788254139.297961950,odom,-0.102886489529,8.997186578776,0.041733574344,-0.010459800341,-0.009178056334,0.721210615501,0.692576063655,keyframes_lidar/keyframe_000112.pcd,3326
113,1788254144397498880,1788254144.397498846,odom,-0.154088950119,9.973943843333,0.035906127879,-0.011978221955,-0.004827821086,0.720224398428,0.693620955747,keyframes_lidar/keyframe_000113.pcd,3293
114,1788254149497916928,1788254149.497916937,odom,-0.204886395772,10.945487978711,0.022759325940,-0.012773405429,-0.005831520609,0.719306799154,0.694550618870,keyframes_lidar/keyframe_000114.pcd,3321
115,1788254154497962752,1788254154.497962713,odom,-0.256663798357,11.901035824252,0.014311569540,-0.012777169127,-0.006394925994,0.719595688767,0.694246277324,keyframes_lidar/keyframe_000115.pcd,3263
116,1788254159597834240,1788254159.597834349,odom,-0.307294416647,12.872601352378,0.014228531716,-0.010845191588,-0.008077030196,0.719259933791,0.694609452172,keyframes_lidar/keyframe_000116.pcd,3378
117,1788254164697402368,1788254164.697402477,odom,-0.355096474973,13.842976384351,0.016113198193,-0.006320116907,-0.007874074326,0.719682684926,0.694229708450,keyframes_lidar/keyframe_000117.pcd,3250
118,1788254169797769984,1788254169.797770023,odom,-0.399162040531,14.813035360900,0.020499194650,-0.005163739207,-0.007068242444,0.718059665630,0.695926499238,keyframes_lidar/keyframe_000118.pcd,3313
119,1788254174897605120,1788254174.897605181,odom,-0.446926734474,15.782154585389,0.030602730436,-0.004869239034,-0.011165040962,0.717378401227,0.696577247565,keyframes_lidar/keyframe_000119.pcd,3217
120,1788254179897635584,1788254179.897635460,odom,-0.497159658305,16.734129001666,0.041862894037,-0.005083504520,-0.013090482815,0.717826578005,0.696080312286,keyframes_lidar/keyframe_000120.pcd,3175
121,1788254184997521408,1788254184.997521400,odom,-0.548576459830,17.710543008407,0.040072169722,-0.008631935140,-0.008744747511,0.718533137130,0.695384174347,keyframes_lidar/keyframe_000121.pcd,3129
122,1788254189997537280,1788254189.997537374,odom,-0.597902952666,18.663474990282,0.041348684309,-0.006361117995,-0.006338897324,0.719744052170,0.694181427240,keyframes_lidar/keyframe_000122.pcd,3185
123,1788254195097477376,1788254195.097477436,odom,-0.649621763291,19.633784862899,0.038547086796,-0.007653262237,-0.006350476632,0.719390765570,0.694534394711,keyframes_lidar/keyframe_000123.pcd,3041
124,1788254200097490176,1788254200.097490072,odom,-0.703291855225,20.593061267707,0.030870775949,-0.010547173470,-0.005155751595,0.719296835430,0.694603655258,keyframes_lidar/keyframe_000124.pcd,3087
125,1788254205197562112,1788254205.197562218,odom,-0.756230801581,21.566443647715,0.026544274083,-0.011265848227,-0.007675161596,0.719107618550,0.694765000199,keyframes_lidar/keyframe_000125.pcd,3051
126,1788254210297496576,1788254210.297496557,odom,-0.809919024180,22.542043455056,0.021198902964,-0.008757072739,-0.006895470131,0.720735169127,0.693120900098,keyframes_lidar/keyframe_000126.pcd,2998
127,1788254215397359360,1788254215.397359371,odom,-0.855791008441,23.518635179322,0.021567407203,-0.004902830332,-0.003089704997,0.720006443591,0.693943180070,keyframes_lidar/keyframe_000127.pcd,2835
128,1788254220397460480,1788254220.397460461,odom,-0.900646016262,24.472168517488,0.026263797297,0.001675185961,-0.001256780257,0.719700986974,0.694280997582,keyframes_lidar/keyframe_000128.pcd,2637
129,1788254225497723904,1788254225.497723818,odom,-0.930754311843,25.051583140067,0.043273930872,0.004441606406,-0.004288579610,0.719670247275,0.694288567819,keyframes_lidar/keyframe_000129.pcd,2216
130,1788254230597572096,1788254230.597572088,odom,-0.897918574564,24.542914215563,0.028949693070,0.002428640439,-0.000893605905,0.718990068933,0.695015527848,keyframes_lidar/keyframe_000130.pcd,2659
131,1788254235697606656,1788254235.697606564,odom,-0.848919255090,23.575081198468,0.019139203543,-0.005134884867,-0.002051201584,0.718769552601,0.695226406132,keyframes_lidar/keyframe_000131.pcd,2897
132,1788254240797238272,1788254240.797238350,odom,-0.800275012551,22.600834119070,0.020629162328,-0.006986139056,-0.003560801631,0.718345534913,0.695642298185,keyframes_lidar/keyframe_000132.pcd,2913
133,1788254245797628416,1788254245.797628403,odom,-0.752982649580,21.648728341196,0.022692420079,-0.010724305024,-0.007659020899,0.718249100977,0.695661237691,keyframes_lidar/keyframe_000133.pcd,2995
134,1788254250897384192,1788254250.897384167,odom,-0.700411769971,20.676035436289,0.026980919062,-0.010943189122,-0.004965560072,0.718316957745,0.695612203775,keyframes_lidar/keyframe_000134.pcd,3064
135,1788254255997562880,1788254255.997562885,odom,-0.647006324802,19.700887502260,0.036769478977,-0.007799293298,-0.006381334391,0.718295863924,0.695664791020,keyframes_lidar/keyframe_000135.pcd,3094
136,1788254261096985856,1788254261.096985817,odom,-0.595156994883,18.730319037567,0.041028188903,-0.006375845470,-0.005621744289,0.718631727882,0.695338898860,keyframes_lidar/keyframe_000136.pcd,3147
137,1788254266097445888,1788254266.097445965,odom,-0.547674531891,17.777139761952,0.038164274915,-0.008136727383,-0.007864554459,0.718230015518,0.695713725076,keyframes_lidar/keyframe_000137.pcd,3151
138,1788254271198287872,1788254271.198287964,odom,-0.495845874578,16.794246030003,0.040013596706,-0.004882337622,-0.013025950014,0.718386207253,0.695505387926,keyframes_lidar/keyframe_000138.pcd,3250
139,1788254276297060096,1788254276.297060013,odom,-0.444164135830,15.819767793485,0.029707052806,-0.005062229716,-0.010818923390,0.718424226841,0.695502663557,keyframes_lidar/keyframe_000139.pcd,3157
140,1788254281298116352,1788254281.298116446,odom,-0.389518435399,14.868433038892,0.018379600175,-0.005364916889,-0.006676745457,0.717685024859,0.696315190004,keyframes_lidar/keyframe_000140.pcd,3227
141,1788254286397472512,1788254286.397472620,odom,-0.342506467967,13.897972183439,0.017336972396,-0.004840785407,-0.005831415685,0.717560742315,0.696454695207,keyframes_lidar/keyframe_000141.pcd,3296
142,1788254291398039296,1788254291.398039341,odom,-0.299411129908,12.948886626056,0.011458379251,-0.010302662998,-0.006882507723,0.717203269751,0.696753870518,keyframes_lidar/keyframe_000142.pcd,3339
143,1788254296497898240,1788254296.497898340,odom,-0.252023123757,11.978385616589,0.014809842743,-0.012571040652,-0.006162462557,0.717441197502,0.696478370891,keyframes_lidar/keyframe_000143.pcd,3286
144,1788254301498001408,1788254301.498001337,odom,-0.204445195945,11.032222117344,0.023757097018,-0.012656472456,-0.005198773243,0.717991772207,0.695917093845,keyframes_lidar/keyframe_000144.pcd,3301
145,1788254306597740544,1788254306.597740650,odom,-0.154533274209,10.066982756783,0.032824175537,-0.012829742036,-0.003926942412,0.718995147650,0.694885569356,keyframes_lidar/keyframe_000145.pcd,3324
146,1788254311697667840,1788254311.697667837,odom,-0.102914536002,9.090696166820,0.043269810753,-0.009527922243,-0.007843464338,0.719770002279,0.694102904896,keyframes_lidar/keyframe_000146.pcd,3309
147,1788254316797700608,1788254316.797700644,odom,-0.049663499417,8.120097909407,0.042276787524,-0.011840082587,-0.009244706765,0.720498412298,0.693293866782,keyframes_lidar/keyframe_000147.pcd,3282
148,1788254321897417216,1788254321.897417307,odom,0.010720856079,7.150168742602,0.046532804090,-0.010827773473,-0.006869969442,0.720341891604,0.693500628725,keyframes_lidar/keyframe_000148.pcd,3254
149,1788254326897718784,1788254326.897718906,odom,0.066851079641,6.195162825542,0.051492941312,-0.006835014959,-0.008966967169,0.720704520686,0.693150683425,keyframes_lidar/keyframe_000149.pcd,3239
150,1788254331997477120,1788254331.997477055,odom,0.125206318189,5.221044641490,0.049674093226,-0.005986931279,-0.008726306351,0.721089289232,0.692761319061,keyframes_lidar/keyframe_000150.pcd,3278
151,1788254336997544960,1788254336.997545004,odom,0.180244300250,4.267790958732,0.042269288062,-0.010561725344,-0.010420311156,0.721735862431,0.692009546144,keyframes_lidar/keyframe_000151.pcd,3338
152,1788254342097511680,1788254342.097511768,odom,0.239200693980,3.295231415113,0.040240613185,-0.013029248212,-0.011411911654,0.722125097841,0.691545623970,keyframes_lidar/keyframe_000152.pcd,3263
153,1788254347197416704,1788254347.197416782,odom,0.309812913635,2.345411033352,0.049250808691,-0.011764169595,-0.011018692250,0.713662481266,0.700304259282,keyframes_lidar/keyframe_000153.pcd,3242
154,1788254350397358592,1788254350.397358656,odom,0.352572267819,1.322103160624,0.051678790374,-0.009155583840,-0.010835004030,0.715845700544,0.698114396776,keyframes_lidar/keyframe_000154.pcd,3172
155,1788254353395535360,1788254353.395535469,odom,0.399324347817,0.304442200752,0.050109918070,-0.010544755479,-0.009971360871,0.715935869573,0.698015193784,keyframes_lidar/keyframe_000155.pcd,3242
156,1788254358397582848,1788254358.397582769,odom,0.896870460420,0.218358110482,0.060446042039,-0.007143182979,-0.009988850170,0.415200672473,0.909646964150,keyframes_lidar/keyframe_000156.pcd,3398
157,1788254363496146944,1788254363.496146917,odom,1.271708725637,-0.229930024212,0.066188955437,-0.005377963859,-0.009118465554,-0.017786529233,0.999785762285,keyframes_lidar/keyframe_000157.pcd,3481
158,1788254368497238528,1788254368.497238636,odom,2.058758081054,-0.242019952894,0.068648679722,-0.005462251961,-0.001994485429,-0.017893359540,0.999822991092,keyframes_lidar/keyframe_000158.pcd,3450
159,1788254373597065472,1788254373.597065449,odom,2.365755148901,0.086857125199,0.074264378423,-0.004438384430,-0.004066306644,0.269317928862,0.963032511958,keyframes_lidar/keyframe_000159.pcd,3452
160,1788254378597420032,1788254378.597419977,odom,1.714315418168,0.239044493661,0.067824028061,-0.005332923999,-0.004666143517,0.707332386670,0.706845585537,keyframes_lidar/keyframe_000160.pcd,3419
161,1788254383697027072,1788254383.697026968,odom,1.800776522371,0.178510582328,0.066816271706,-0.005258858837,-0.004565504207,0.657479797997,0.753439988188,keyframes_lidar/keyframe_000161.pcd,3437
162,1788254388697136384,1788254388.697136402,odom,1.901316972005,0.998816029879,0.071773178590,-0.005020774216,-0.007417951777,0.657649611746,0.753270704321,keyframes_lidar/keyframe_000162.pcd,3425
163,1788254393795909888,1788254393.795909882,odom,1.864984944740,1.191762357211,0.072901014488,-0.004809221575,-0.008208523329,0.682413625612,0.730904326921,keyframes_lidar/keyframe_000163.pcd,3382
164,1788254398796964096,1788254398.796964169,odom,1.835206389229,2.193526605165,0.077732671987,-0.004749001897,-0.009749689930,0.702330052662,0.711768844257,keyframes_lidar/keyframe_000164.pcd,3327
165,1788254403698139392,1788254403.698139429,odom,1.782673950595,3.193568831164,0.062752057560,-0.011589309856,-0.006924055293,0.712360786363,0.701683586389,keyframes_lidar/keyframe_000165.pcd,3406
166,1788254408797246976,1788254408.797246933,odom,1.741167397887,4.168390859932,0.057792787053,-0.011686030762,-0.005587444645,0.714018214988,0.700007289828,keyframes_lidar/keyframe_000166.pcd,3483
167,1788254413797933312,1788254413.797933340,odom,1.700846988957,5.115971514371,0.054839370707,-0.007218010264,-0.005272499862,0.715001350759,0.699065926423,keyframes_lidar/keyframe_000167.pcd,3418
168,1788254418897922304,1788254418.897922277,odom,1.655242875531,6.089336570906,0.057424210337,-0.004078578237,-0.005483122091,0.715619196201,0.698457204559,keyframes_lidar/keyframe_000168.pcd,3420
169,1788254423997911552,1788254423.997911453,odom,1.613517453683,7.062892566336,0.062597744446,-0.001973923173,-0.002972610886,0.716283887619,0.697799870700,keyframes_lidar/keyframe_000169.pcd,3444
170,1788254429097812736,1788254429.097812653,odom,1.574822006317,8.033396474039,0.069674183686,0.002802710227,0.000959641995,0.717050698242,0.697014720112,keyframes_lidar/keyframe_000170.pcd,3425
171,1788254434197760512,1788254434.197760582,odom,1.532264797084,9.015121528036,0.053139752843,-0.003458132986,0.005013992031,0.715920019630,0.698155732407,keyframes_lidar/keyframe_000171.pcd,3492
172,1788254439297583104,1788254439.297583103,odom,1.484765546714,9.990374365268,0.043460226952,-0.007106248617,-0.001416275087,0.715632422503,0.698439497207,keyframes_lidar/keyframe_000172.pcd,3473
173,1788254444297644544,1788254444.297644615,odom,1.441807942988,10.937268671493,0.044907017853,-0.003202151139,-0.002129840691,0.716721846369,0.697348553410,keyframes_lidar/keyframe_000173.pcd,3471
174,1788254449397543424,1788254449.397543430,odom,1.392887662897,11.912901918802,0.035855468555,-0.006290629056,0.000099879404,0.717115412534,0.696926038484,keyframes_lidar/keyframe_000174.pcd,3481
175,1788254454497536512,1788254454.497536421,odom,1.342465920080,12.882271817762,0.032216142285,-0.007083935970,-0.003451309511,0.717259212148,0.696761888239,keyframes_lidar/keyframe_000175.pcd,3463
176,1788254459597514752,1788254459.597514629,odom,1.292625921960,13.858459962115,0.026946038853,-0.007743652176,-0.005642380635,0.716828198672,0.697184002240,keyframes_lidar/keyframe_000176.pcd,3415
177,1788254464697556224,1788254464.697556257,odom,1.242164226115,14.823028953019,0.027980298774,-0.007902446738,-0.009234985344,0.717540344394,0.696410884858,keyframes_lidar/keyframe_000177.pcd,3452
178,1788254469797533184,1788254469.797533274,odom,1.179743855748,15.794050191366,0.036631257871,-0.010894477906,-0.017131115172,0.718658252687,0.695067011942,keyframes_lidar/keyframe_000178.pcd,3404
179,1788254474897182976,1788254474.897182941,odom,1.119522802759,16.760054627418,0.042359401539,-0.012047391345,-0.018676313068,0.719145084625,0.694504429757,keyframes_lidar/keyframe_000179.pcd,3417
180,1788254479897505536,1788254479.897505522,odom,1.064346833232,17.715486916059,0.044695705977,-0.014871804157,-0.016730431358,0.719846925533,0.693771811123,keyframes_lidar/keyframe_000180.pcd,3428
181,1788254484997362944,1788254484.997362852,odom,1.008051611874,18.685597767687,0.046363136383,-0.011628448616,-0.014297405262,0.721042447868,0.692645762103,keyframes_lidar/keyframe_000181.pcd,3319
182,1788254490097913600,1788254490.097913504,odom,0.953335965437,19.655402619987,0.051667891709,-0.008954863890,-0.012278092929,0.722062234052,0.691661180783,keyframes_lidar/keyframe_000182.pcd,3339
183,1788254495196356352,1788254495.196356297,odom,0.905000019250,20.635074187310,0.050030157329,-0.008343549574,-0.006214408614,0.720252648077,0.693633829368,keyframes_lidar/keyframe_000183.pcd,3206
184,1788254500196994816,1788254500.196994781,odom,0.855517534654,21.591131349485,0.043110545274,-0.010244491916,-0.008800206065,0.718958490702,0.694921790855,keyframes_lidar/keyframe_000184.pcd,3195
185,1788254505197209344,1788254505.197209358,odom,0.802492571550,22.548308610836,0.041448513221,-0.007446484940,-0.005811370763,0.720323769750,0.693573676379,keyframes_lidar/keyframe_000185.pcd,3157
186,1788254510197611520,1788254510.197611570,odom,0.760019513459,23.500429444079,0.041532948017,-0.003273889433,-0.002017596413,0.719027529371,0.694970951162,keyframes_lidar/keyframe_000186.pcd,2961
187,1788254515297368064,1788254515.297368050,odom,0.709842639936,24.475286703334,0.044865741689,-0.005483153508,-0.007045058272,0.717734468152,0.696259675271,keyframes_lidar/keyframe_000187.pcd,2875
188,1788254520297563136,1788254520.297563076,odom,0.712523277609,24.419093833885,0.041817710818,-0.006045685315,-0.007220749479,0.718601316302,0.695358510896,keyframes_lidar/keyframe_000188.pcd,2772
189,1788254525397474048,1788254525.397474051,odom,0.768090670761,23.444479555876,0.042697444935,-0.003264563109,-0.001652799102,0.718221234613,0.695805194745,keyframes_lidar/keyframe_000189.pcd,3056
190,1788254530498310144,1788254530.498310089,odom,0.815101763159,22.472085078073,0.038766246465,-0.007590604962,-0.003898112362,0.718280932847,0.695700861682,keyframes_lidar/keyframe_000190.pcd,3168
191,1788254535597259264,1788254535.597259283,odom,0.864527603219,21.497373190625,0.042127137964,-0.010506650307,-0.008050040295,0.718393227832,0.695511306419,keyframes_lidar/keyframe_000191.pcd,3186
192,1788254540698077952,1788254540.698077917,odom,0.918133096037,20.524587439035,0.049620777701,-0.008403688332,-0.006024926487,0.718861604097,0.695076306918,keyframes_lidar/keyframe_000192.pcd,3236
193,1788254545797627392,1788254545.797627449,odom,0.970117909369,19.545641183643,0.049117071516,-0.009200923855,-0.009302649262,0.719793284816,0.694065148852,keyframes_lidar/keyframe_000193.pcd,3289
194,1788254550797884416,1788254550.797884464,odom,1.018504864235,18.591063763823,0.045242176144,-0.011740708626,-0.013576017632,0.719902072947,0.693843536305,keyframes_lidar/keyframe_000194.pcd,3314
195,1788254555897700096,1788254555.897700071,odom,1.070594180121,17.617099515231,0.043683377968,-0.014511791661,-0.016736993196,0.719652845211,0.693980592914,keyframes_lidar/keyframe_000195.pcd,3387
196,1788254560897895936,1788254560.897895813,odom,1.123462167735,16.659508670459,0.040797748613,-0.012413801154,-0.018439569464,0.719540150480,0.694094987495,keyframes_lidar/keyframe_000196.pcd,3432
197,1788254565997675264,1788254565.997675180,odom,1.179706359520,15.685576045038,0.033900490983,-0.011543483422,-0.017100872699,0.719338768869,0.694352967694,keyframes_lidar/keyframe_000197.pcd,3410
198,1788254570997822720,1788254570.997822762,odom,1.238785967809,14.735499617979,0.027149063436,-0.009317288885,-0.009037698152,0.719078667401,0.694807439676,keyframes_lidar/keyframe_000198.pcd,3444
199,1788254576097605120,1788254576.097605228,odom,1.296623057093,13.762871872168,0.024834666915,-0.008454678030,-0.005209402285,0.718179431930,0.695787096819,keyframes_lidar/keyframe_000199.pcd,3413
200,1788254581197603584,1788254581.197603703,odom,1.346607251815,12.798190254831,0.030980918978,-0.007394592045,-0.003250215362,0.717666610467,0.696339997652,keyframes_lidar/keyframe_000200.pcd,3491
201,1788254586297468160,1788254586.297468185,odom,1.398165530337,11.829306140217,0.034716070955,-0.006804923879,0.000267879824,0.717336765550,0.696693322805,keyframes_lidar/keyframe_000201.pcd,3414
202,1788254591297519360,1788254591.297519445,odom,1.446643629344,10.876214667297,0.044971294923,-0.003405588127,-0.001589731770,0.717089086334,0.696971388927,keyframes_lidar/keyframe_000202.pcd,3459
203,1788254596297619456,1788254596.297619581,odom,1.490450253743,9.928457029295,0.043255235442,-0.007569030214,-0.001384680927,0.716737021742,0.697301107201,keyframes_lidar/keyframe_000203.pcd,3444
204,1788254601397583104,1788254601.397583008,odom,1.539668981682,8.968009156331,0.053346871933,-0.003455874091,0.005156452587,0.715836445590,0.698240396351,keyframes_lidar/keyframe_000204.pcd,3514
205,1788254606397687552,1788254606.397687674,odom,1.586403585745,8.009805093637,0.068797235978,0.003508849305,0.002323110080,0.715727538769,0.698366938925,keyframes_lidar/keyframe_000205.pcd,3416
206,1788254611497320192,1788254611.497320175,odom,1.625139572550,7.035346931669,0.061729160971,-0.001964529466,-0.001920418250,0.715662659340,0.698440699447,keyframes_lidar/keyframe_000206.pcd,3365
207,1788254616497336576,1788254616.497336626,odom,1.661356158372,6.079640820630,0.056476012529,-0.004020465046,-0.004837451521,0.714865282074,0.699233911798,keyframes_lidar/keyframe_000207.pcd,3424
208,1788254621597382656,1788254621.597382545,odom,1.701114055320,5.110024159848,0.053725331327,-0.007236130705,-0.005062878931,0.714897607945,0.699173380374,keyframes_lidar/keyframe_000208.pcd,3400
209,1788254626697264128,1788254626.697264194,odom,1.740688966686,4.144443679919,0.055585364503,-0.011387134397,-0.005228929739,0.714591320069,0.699429936982,keyframes_lidar/keyframe_000209.pcd,3422
210,1788254631697357568,1788254631.697357655,odom,1.779612643949,3.193240984174,0.060972130009,-0.011753703980,-0.006828091308,0.714161898988,0.699848561937,keyframes_lidar/keyframe_000210.pcd,3397
211,1788254636697144832,1788254636.697144747,odom,1.822388912092,2.179345425845,0.076947577983,-0.006264267786,-0.010892179892,0.713849367833,0.700186546151,keyframes_lidar/keyframe_000211.pcd,3318
212,1788254640696243200,1788254640.696243286,odom,1.856745147303,1.159122788605,0.074381689669,-0.004966718814,-0.009370283356,0.739493802050,0.673079821584,keyframes_lidar/keyframe_000212.pcd,3300
213,1788254645697349120,1788254645.697349072,odom,2.391604180723,0.890879673723,0.078608085539,-0.003409701286,-0.008757554412,0.440292816929,0.897805053750,keyframes_lidar/keyframe_000213.pcd,3483
214,1788254650796245248,1788254650.796245337,odom,2.775065907404,0.492769010585,0.082157199148,-0.000251257683,-0.006611527709,0.034345590941,0.999388115275,keyframes_lidar/keyframe_000214.pcd,3496
215,1788254655797127680,1788254655.797127724,odom,2.840483113095,0.348215603148,0.080830576147,0.000093729214,-0.005987277578,-0.020530326293,0.999771298560,keyframes_lidar/keyframe_000215.pcd,3543
216,1788254660096998912,1788254660.096998930,odom,3.855308169671,0.355261047124,0.095346130027,0.001170815197,-0.005898051927,-0.009579975121,0.999936031080,keyframes_lidar/keyframe_000216.pcd,3558
217,1788254664197239808,1788254664.197239876,odom,4.886141194093,0.346895174594,0.111473163099,0.002260707113,-0.006787500052,-0.009763508279,0.999926743793,keyframes_lidar/keyframe_000217.pcd,3503
218,1788254667197491200,1788254667.197491169,odom,5.904867973029,0.338918483346,0.122327262886,0.000055137724,-0.004247169226,-0.009774895118,0.999943203356,keyframes_lidar/keyframe_000218.pcd,3498
219,1788254671496913920,1788254671.496913910,odom,6.921583756339,0.329125536193,0.132686205168,-0.002485750230,-0.005281035139,-0.011740951337,0.999914037193,keyframes_lidar/keyframe_000219.pcd,3437
220,1788254676497140224,1788254676.497140169,odom,7.427143851554,0.250431956487,0.140455682251,-0.001859728314,-0.006524287569,-0.068218746797,0.997647321285,keyframes_lidar/keyframe_000220.pcd,3339
221,1788254681597018624,1788254681.597018719,odom,7.145358076531,-0.414413201125,0.135943090361,0.003067666619,-0.003665812167,-0.582927502788,0.812510109313,keyframes_lidar/keyframe_000221.pcd,3195
222,1788254686597626624,1788254686.597626686,odom,6.994888215858,-0.713411956276,0.130205732896,0.003963455921,-0.001966355059,-0.689267313847,0.724493612482,keyframes_lidar/keyframe_000222.pcd,2956
223,1788254691597832960,1788254691.597832918,odom,6.926218035811,-0.022760253172,0.128922461467,0.004609550301,-0.000269519713,-0.729754963808,0.683693185722,keyframes_lidar/keyframe_000223.pcd,3344
224,1788254696697734144,1788254696.697734118,odom,6.945376593175,0.596136499672,0.131286750817,0.004412225256,0.000462312825,-0.730211577852,0.683206681837,keyframes_lidar/keyframe_000224.pcd,3312
225,1788254701797803776,1788254701.797803879,odom,6.946573997791,0.597646111675,0.133935837315,0.004738942929,0.000475507399,-0.730279636590,0.683131735974,keyframes_lidar/keyframe_000225.pcd,3366
226,1788254706896714752,1788254706.896714687,odom,6.947259541835,0.599489346989,0.133289864251,0.004766072771,0.000366699691,-0.730315786589,0.683092967275,keyframes_lidar/keyframe_000226.pcd,3349
227,1788254711897604608,1788254711.897604704,odom,6.947268780734,0.597303929508,0.133435309740,0.004763645821,0.000455861246,-0.730134662729,0.683286524198,keyframes_lidar/keyframe_000227.pcd,3324
228,1788254716997476608,1788254716.997476578,odom,6.948180360138,0.595940599896,0.133101473887,0.004752730982,0.000538825035,-0.730369752073,0.683035245410,keyframes_lidar/keyframe_000228.pcd,3313
229,1788254722097485568,1788254722.097485542,odom,6.947537286781,0.597736587248,0.133000075943,0.004845571298,0.000370535071,-0.730432895416,0.682967179619,keyframes_lidar/keyframe_000229.pcd,3372
230,1788254727196041984,1788254727.196042061,odom,6.946451421634,0.597113050669,0.133292221152,0.004755146881,0.000439695727,-0.730351131528,0.683055210010,keyframes_lidar/keyframe_000230.pcd,3264
231,1788254732197478400,1788254732.197478294,odom,6.946280374617,0.595989941567,0.132636792307,0.004670626271,0.000406700815,-0.730414767936,0.682987764623,keyframes_lidar/keyframe_000231.pcd,3361
232,1788254737296882176,1788254737.296882153,odom,6.944453354376,0.595393939625,0.132888307222,0.004753336085,0.000245808995,-0.730567369856,0.682824035514,keyframes_lidar/keyframe_000232.pcd,3107
233,1788254742297388800,1788254742.297388792,odom,6.946932150857,0.595862986611,0.132438667790,0.004703836039,0.000500665008,-0.730311315855,0.683098093392,keyframes_lidar/keyframe_000233.pcd,3061
234,1788254747297447168,1788254747.297447205,odom,6.945850980212,0.598286015296,0.133385678048,0.004768069330,0.000422411375,-0.730415850941,0.682985923558,keyframes_lidar/keyframe_000234.pcd,3060
235,1788254752397433344,1788254752.397433281,odom,6.946936597946,0.596562067685,0.132870933776,0.004691635891,0.000380157890,-0.730279026322,0.683132774610,keyframes_lidar/keyframe_000235.pcd,3194
236,1788254757497151744,1788254757.497151852,odom,6.947266670282,0.598869981360,0.133515533913,0.004723292181,0.000352012769,-0.730356296749,0.683049958932,keyframes_lidar/keyframe_000236.pcd,3220
237,1788254762497477632,1788254762.497477531,odom,6.946239450416,0.598295448490,0.133921798118,0.004810043870,0.000476683130,-0.730400212479,0.683002317611,keyframes_lidar/keyframe_000237.pcd,3203
238,1788254767597305344,1788254767.597305298,odom,6.947578282959,0.596142888445,0.133205293572,0.004699932000,0.000445754145,-0.730381571962,0.683023038616,keyframes_lidar/keyframe_000238.pcd,3200
239,1788254772697351936,1788254772.697351933,odom,6.947337998493,0.597472158453,0.134280106021,0.004690989099,0.000423676755,-0.730064245549,0.683362284948,keyframes_lidar/keyframe_000239.pcd,3252
240,1788254777796790272,1788254777.796790361,odom,6.947142948654,0.596657750240,0.133090792614,0.004763680434,0.000469179758,-0.730318845001,0.683089651404,keyframes_lidar/keyframe_000240.pcd,3129
241,1788254782797438208,1788254782.797438145,odom,6.948253566292,0.596030070281,0.133069860973,0.004607311314,0.000386302463,-0.730486059079,0.682911956949,keyframes_lidar/keyframe_000241.pcd,3205
242,1788254787797451520,1788254787.797451496,odom,6.947395927838,0.596793365254,0.133281312137,0.004824324274,0.000412694143,-0.730253215921,0.683159422255,keyframes_lidar/keyframe_000242.pcd,3300
243,1788254792897402880,1788254792.897403002,odom,6.947780624400,0.597468860204,0.133154082797,0.004712368324,0.000396945423,-0.730387388073,0.683016763603,keyframes_lidar/keyframe_000243.pcd,3277
244,1788254797996214272,1788254797.996214151,odom,6.949173830620,0.597891233449,0.132920389665,0.004663323279,0.000376976944,-0.730250339709,0.683163635346,keyframes_lidar/keyframe_000244.pcd,3341
245,1788254802997386240,1788254802.997386217,odom,6.948459559996,0.594373987976,0.133810593771,0.004700101924,0.000349431326,-0.730357019395,0.683049347529,keyframes_lidar/keyframe_000245.pcd,3372
246,1788254808096787968,1788254808.096787930,odom,6.947553825242,0.595067302387,0.132964092017,0.004711229171,0.000473118103,-0.730440305551,0.682960130978,keyframes_lidar/keyframe_000246.pcd,3137
247,1788254813097157376,1788254813.097157478,odom,6.945827903135,0.598077150542,0.133453095373,0.004704583047,0.000436177941,-0.730235593070,0.683179079935,keyframes_lidar/keyframe_000247.pcd,3140
248,1788254818196704000,1788254818.196703911,odom,6.974687739800,0.221227177311,0.130563034971,0.006018622369,-0.000007417494,-0.710208619599,0.703965548004,keyframes_lidar/keyframe_000248.pcd,3043
249,1788254823296848896,1788254823.296848774,odom,7.048506890399,-0.078085493946,0.130948087295,0.004812994967,-0.000147799456,-0.675245286332,0.737577532549,keyframes_lidar/keyframe_000249.pcd,2982
250,1788254828297886976,1788254828.297887087,odom,7.050595903678,-0.079465080924,0.131268487664,0.004894723464,-0.000228040422,-0.675408601734,0.737427427198,keyframes_lidar/keyframe_000250.pcd,3195
251,1788254833397440512,1788254833.397440434,odom,6.952288125938,-0.110948584889,0.129521646067,0.004881897718,-0.000368561978,-0.727051404791,0.686565572999,keyframes_lidar/keyframe_000251.pcd,3217
252,1788254838397835520,1788254838.397835493,odom,6.983906892506,0.427734471395,0.132912233526,0.004669954070,-0.000481049592,-0.697853371396,0.716225266346,keyframes_lidar/keyframe_000252.pcd,3329
253,1788254843497574144,1788254843.497574091,odom,6.917579375397,0.867163041539,0.133559272382,0.004620022417,0.002609248799,-0.747619976819,0.664105577054,keyframes_lidar/keyframe_000253.pcd,3359
254,1788254848597472512,1788254848.597472429,odom,6.919038101540,0.868220679668,0.133771106240,0.004692337662,0.002622355212,-0.747747508820,0.663961420772,keyframes_lidar/keyframe_000254.pcd,2976
255,1788254853697555712,1788254853.697555780,odom,6.917833987095,0.844572099822,0.133121512446,0.005022106456,0.003070521002,-0.747304781986,0.664455350771,keyframes_lidar/keyframe_000255.pcd,2939
256,1788254858797152000,1788254858.797152042,odom,6.907052866000,0.796081082822,0.132582091381,0.006606172647,0.003663790334,-0.750054817504,0.661332522913,keyframes_lidar/keyframe_000256.pcd,2916
257,1788254863797557760,1788254863.797557831,odom,6.910435222491,0.803305011843,0.131577824583,0.005681309310,0.003558348598,-0.749555249534,0.661907840093,keyframes_lidar/keyframe_000257.pcd,2559
258,1788254868897216512,1788254868.897216558,odom,7.270684957396,0.006291761072,0.135191719396,0.003328641949,-0.001130226971,-0.593236786458,0.805020346279,keyframes_lidar/keyframe_000258.pcd,2896
259,1788254873897650176,1788254873.897650242,odom,7.187040196640,-0.606916736064,0.133538326241,0.004648763354,-0.002309171056,-0.718997814749,0.694992948967,keyframes_lidar/keyframe_000259.pcd,2601
260,1788254878995099904,1788254878.995100021,odom,7.189454594425,-0.605837419666,0.132921690930,0.004776233082,-0.002023890654,-0.718679443327,0.695322190933,keyframes_lidar/keyframe_000260.pcd,2931
261,1788254883997419264,1788254883.997419357,odom,7.187069877111,-0.608543642053,0.132327086257,0.004802137912,-0.001877654766,-0.718759936182,0.695239216402,keyframes_lidar/keyframe_000261.pcd,2998
262,1788254888997711360,1788254888.997711420,odom,7.233314140652,-0.590661695558,0.133378159203,0.004407448910,-0.002184368903,-0.691834792948,0.722039072484,keyframes_lidar/keyframe_000262.pcd,2958
263,1788254894097157888,1788254894.097157955,odom,7.273767472343,-0.471946597149,0.134011816693,0.003363298793,-0.002896401812,-0.662103768427,0.749399025162,keyframes_lidar/keyframe_000263.pcd,3157
264,1788254899097469696,1788254899.097469568,odom,7.157962531754,-0.046948140430,0.132543929634,0.003927333566,-0.001008859178,-0.691796729699,0.722080911693,keyframes_lidar/keyframe_000264.pcd,3264
265,1788254904197721600,1788254904.197721481,odom,7.189157910599,0.076251423830,0.133393104662,0.004110731013,-0.000916378106,-0.665792047117,0.746125466753,keyframes_lidar/keyframe_000265.pcd,3364
266,1788254909297392384,1788254909.297392368,odom,7.157585385245,0.263306484886,0.133987770273,0.004537317031,-0.000892215793,-0.670656010249,0.741754091746,keyframes_lidar/keyframe_000266.pcd,3365
267,1788254914397625856,1788254914.397625923,odom,7.040983087761,0.847994283250,0.135952330611,0.005224082884,0.001324993784,-0.707613380177,0.706579264870,keyframes_lidar/keyframe_000267.pcd,3397
268,1788254918696240128,1788254918.696240187,odom,7.023414543188,1.858747770379,0.145520401623,-0.008295844403,-0.009074010128,-0.695638198986,0.718287085654,keyframes_lidar/keyframe_000268.pcd,3086
269,1788254923697596160,1788254923.697596073,odom,6.972638045959,2.811162570111,0.117918936989,-0.008215367976,-0.002398176540,-0.695908567335,0.718079398388,keyframes_lidar/keyframe_000269.pcd,3123
270,1788254928795932416,1788254928.795932531,odom,6.922695455313,3.786614097072,0.099097454313,-0.006030724381,0.001612997561,-0.696015398263,0.717999717258,keyframes_lidar/keyframe_000270.pcd,3285
271,1788254933797491968,1788254933.797492027,odom,6.874875656216,4.738741591155,0.093427746713,-0.006131745932,0.001446793560,-0.696200227238,0.717819999773,keyframes_lidar/keyframe_000271.pcd,3411
272,1788254938896215296,1788254938.896215200,odom,6.822385810632,5.710279634753,0.086921798170,-0.002420732399,0.002976254531,-0.696911304165,0.717147067267,keyframes_lidar/keyframe_000272.pcd,3407
273,1788254943896878592,1788254943.896878481,odom,6.778906672551,6.574794135960,0.083798352488,-0.002149731609,0.004139787916,-0.696680720225,0.717366165133,keyframes_lidar/keyframe_000273.pcd,3450
274,1788254948897226496,1788254948.897226572,odom,6.734701646143,7.528391314837,0.087501627257,-0.003323077914,0.004145602786,-0.697102621786,0.716951676077,keyframes_lidar/keyframe_000274.pcd,3447
275,1788254953996844800,1788254953.996844769,odom,6.683169511665,8.496360924625,0.087678893844,0.002365715799,0.002992114436,-0.696850410362,0.717206355395,keyframes_lidar/keyframe_000275.pcd,3442
276,1788254958998142720,1788254958.998142719,odom,6.631558369525,9.442947983825,0.092683731657,0.006920766131,0.001299165406,-0.696952413994,0.717082804000,keyframes_lidar/keyframe_000276.pcd,3468
277,1788254964097709056,1788254964.097709179,odom,6.578269583064,10.405016009349,0.105909630785,0.012507889082,-0.006726611891,-0.697481693358,0.716461857208,keyframes_lidar/keyframe_000277.pcd,3531
278,1788254969097983488,1788254969.097983360,odom,6.529042569952,11.360662174640,0.110274305920,0.012303527226,-0.007774178493,-0.697202760846,0.716726234789,keyframes_lidar/keyframe_000278.pcd,3492
279,1788254974197319936,1788254974.197319984,odom,6.482715592576,12.336342393571,0.118387123879,0.007208263554,-0.012647350527,-0.697018416644,0.716905441687,keyframes_lidar/keyframe_000279.pcd,3421
280,1788254979296631552,1788254979.296631575,odom,6.443123897688,13.312033936355,0.104942823460,0.000849854173,-0.006476935122,-0.696158917986,0.717857985933,keyframes_lidar/keyframe_000280.pcd,3476
281,1788254984396481280,1788254984.396481276,odom,6.401859613444,14.283680677201,0.088183957897,-0.000906399547,0.000539261146,-0.696341741086,0.717709598138,keyframes_lidar/keyframe_000281.pcd,3443
282,1788254989396576512,1788254989.396576405,odom,6.355360036769,15.234143883908,0.085921386692,-0.005270758888,0.000423712702,-0.696761795597,0.717283095970,keyframes_lidar/keyframe_000282.pcd,3475
283,1788254994496053760,1788254994.496053696,odom,6.306377748947,16.206629098959,0.078216601468,0.001644541464,-0.000006708938,-0.697202557571,0.716872296267,keyframes_lidar/keyframe_000283.pcd,3400
284,1788254999496360192,1788254999.496360302,odom,6.260397897719,17.152465011353,0.075429882330,0.004012660267,0.003057903512,-0.697090962815,0.716964948477,keyframes_lidar/keyframe_000284.pcd,3417
285,1788255004497210112,1788255004.497210026,odom,6.214332095113,18.100010014660,0.084335775735,0.002409219306,0.004768084391,-0.697126951596,0.716927802776,keyframes_lidar/keyframe_000285.pcd,3391
286,1788255009497453568,1788255009.497453690,odom,6.171318535400,19.047155468035,0.091464749893,-0.001370720672,0.007900330898,-0.696943425714,0.717081283573,keyframes_lidar/keyframe_000286.pcd,3420
287,1788255014595664640,1788255014.595664740,odom,6.125681203761,20.029849062079,0.100462137834,-0.007407813732,0.003149267779,-0.697027514130,0.716999198712,keyframes_lidar/keyframe_000287.pcd,3384
288,1788255019597371904,1788255019.597371817,odom,6.076667019347,20.982027338780,0.095870790882,-0.008959847434,0.002165021395,-0.696827530942,0.717179493528,keyframes_lidar/keyframe_000288.pcd,3422
289,1788255024697159168,1788255024.697159290,odom,6.026678219938,21.954815580549,0.083904542852,-0.006441838289,0.001560373400,-0.696618273950,0.717411352262,keyframes_lidar/keyframe_000289.pcd,3348
290,1788255029697498624,1788255029.697498560,odom,5.979105373384,22.912009706467,0.074981364652,-0.004436077465,0.002049532720,-0.696248005421,0.717784672154,keyframes_lidar/keyframe_000290.pcd,3475
291,1788255034796001280,1788255034.796001196,odom,5.954119567819,23.397998405025,0.070279180698,-0.004280614545,0.004269891993,-0.695936206971,0.718078157437,keyframes_lidar/keyframe_000291.pcd,3369
292,1788255039797444608,1788255039.797444582,odom,5.907372247239,24.333588782060,0.070270958841,-0.005234885015,0.003499963037,-0.695763462384,0.718243378424,keyframes_lidar/keyframe_000292.pcd,3386
293,1788255044897158144,1788255044.897158146,odom,5.934396266269,23.825638534330,0.072968964046,-0.005509851273,0.004047253710,-0.695794098453,0.718208767584,keyframes_lidar/keyframe_000293.pcd,3365
294,1788255049897717504,1788255049.897717476,odom,5.985223492926,22.869551584744,0.077121522510,-0.005071761063,0.001885009148,-0.694726912674,0.719253252191,keyframes_lidar/keyframe_000294.pcd,3397
295,1788255054997151488,1788255054.997151375,odom,6.035409175718,21.896636288656,0.084719960125,-0.006899785527,0.001474018292,-0.695736734703,0.718262219676,keyframes_lidar/keyframe_000295.pcd,3395
296,1788255059997569280,1788255059.997569323,odom,6.083968503558,20.948220833061,0.096657254915,-0.009281111584,0.002080045012,-0.695866117651,0.718108543805,keyframes_lidar/keyframe_000296.pcd,3394
297,1788255065097024000,1788255065.097023964,odom,6.138054912508,19.974759013977,0.100449974104,-0.007793523869,0.002874364509,-0.695072271563,0.718891880826,keyframes_lidar/keyframe_000297.pcd,3390
298,1788255070097392896,1788255070.097392797,odom,6.187257197006,19.014043328159,0.091724088122,-0.002054629208,0.008377756693,-0.695633203776,0.718345346958,keyframes_lidar/keyframe_000298.pcd,3379
299,1788255075097447424,1788255075.097447395,odom,6.231391199745,18.055738102997,0.083947848281,0.001295007119,0.005260391394,-0.695473012023,0.718531795251,keyframes_lidar/keyframe_000299.pcd,3404
300,1788255080197450496,1788255080.197450399,odom,6.279149076766,17.080542352686,0.075036918952,0.002778438053,0.002866715862,-0.694757186360,0.719233282200,keyframes_lidar/keyframe_000300.pcd,3357
301,1788255085297628416,1788255085.297628403,odom,6.322957096622,16.109381632946,0.077937819989,0.000746517970,-0.000344219926,-0.695936215384,0.718103132106,keyframes_lidar/keyframe_000301.pcd,3411
302,1788255090397352448,1788255090.397352457,odom,6.372536432293,15.140145368544,0.085942374567,-0.005474835584,0.000107769872,-0.697058402919,0.716993443123,keyframes_lidar/keyframe_000302.pcd,3441
303,1788255095397918976,1788255095.397918940,odom,6.421575392259,14.182657316966,0.090045347554,-0.002878594592,0.000156520195,-0.695675343559,0.718350545039,keyframes_lidar/keyframe_000303.pcd,3397
304,1788255100497888256,1788255100.497888327,odom,6.468643976736,13.212637291712,0.107917660353,-0.001106641409,-0.005902577196,-0.695002129495,0.718982597094,keyframes_lidar/keyframe_000304.pcd,3456
305,1788255105497908480,1788255105.497908592,odom,6.505383820460,12.261658765701,0.119317799266,0.004805395063,-0.012031674966,-0.695681416341,0.718233606798,keyframes_lidar/keyframe_000305.pcd,3380
306,1788255110597708800,1788255110.597708702,odom,6.552082802636,11.277503844313,0.110859719258,0.011820018575,-0.007742134289,-0.696034820136,0.717868982250,keyframes_lidar/keyframe_000306.pcd,3443
307,1788255115697577728,1788255115.697577715,odom,6.595464048478,10.306236257711,0.104970345475,0.012211701940,-0.006461376986,-0.696583816803,0.717342394615,keyframes_lidar/keyframe_000307.pcd,3471
308,1788255120697698304,1788255120.697698355,odom,6.647022976848,9.351058652535,0.093028274635,0.006034803875,0.001514323691,-0.698059980489,0.716012256603,keyframes_lidar/keyframe_000308.pcd,3447
309,1788255125797532160,1788255125.797532082,odom,6.695219719103,8.373671858091,0.087613878574,0.001615269827,0.003034815988,-0.698612378160,0.715492086523,keyframes_lidar/keyframe_000309.pcd,3447
310,1788255130897400320,1788255130.897400379,odom,6.743555227189,7.404930840157,0.087636458843,-0.003535733026,0.004457018949,-0.698404591975,0.715680556870,keyframes_lidar/keyframe_000310.pcd,3449
311,1788255135897434112,1788255135.897434235,odom,6.785381888604,6.450940258536,0.087262070938,-0.002376223040,0.003129543977,-0.698371665232,0.715724511750,keyframes_lidar/keyframe_000311.pcd,3451
312,1788255140997317888,1788255140.997317791,odom,6.831662693846,5.475071910171,0.087743655095,-0.002735206370,0.002436925940,-0.697922872529,0.716163559558,keyframes_lidar/keyframe_000312.pcd,3445
313,1788255145997403136,1788255145.997403145,odom,6.881176694156,4.531080303957,0.096426238003,-0.006506204616,0.001053617101,-0.697458682840,0.716594686642,keyframes_lidar/keyframe_000313.pcd,3388
314,1788255151097914368,1788255151.097914457,odom,6.931617568732,3.560764250220,0.103478707934,-0.006909781582,0.000292169073,-0.697132354630,0.716909094435,keyframes_lidar/keyframe_000314.pcd,3299
315,1788255156197836800,1788255156.197836876,odom,6.982118174489,2.595874612090,0.122949867590,-0.008199911497,-0.002659492120,-0.696088443597,0.717904288358,keyframes_lidar/keyframe_000315.pcd,3193
316,1788255161197842688,1788255161.197842598,odom,7.036695988149,1.654457050113,0.152808218845,-0.008473093085,-0.010880488579,-0.694335622493,0.719519190153,keyframes_lidar/keyframe_000316.pcd,3178
317,1788255164897829888,1788255164.897830009,odom,7.069327763063,0.636883940769,0.132914735087,0.008943692274,0.003482176647,-0.699639965607,0.714431104684,keyframes_lidar/keyframe_000317.pcd,3406
318,1788255167997015296,1788255167.997015238,odom,7.110371847744,-0.374196341556,0.132347238029,0.004358499429,-0.001900293355,-0.698756723045,0.715343577848,keyframes_lidar/keyframe_000318.pcd,3131
319,1788255173097732608,1788255173.097732544,odom,7.169156851204,-0.362899678469,0.134022113670,0.003684052529,-0.002319858026,-0.665905151940,0.746023709164,keyframes_lidar/keyframe_000319.pcd,3138
320,1788255178197606656,1788255178.197606564,odom,6.463569691094,-0.269572009722,0.125403618735,-0.006329251705,-0.001259578665,0.955499632652,-0.294921694754,keyframes_lidar/keyframe_000320.pcd,3208
321,1788255183297458688,1788255183.297458649,odom,6.760469667214,0.074231900078,0.132154324560,-0.006790134590,-0.005214176686,0.999691261569,-0.023325693495,keyframes_lidar/keyframe_000321.pcd,3354
322,1788255186297675008,1788255186.297675133,odom,7.777141137197,0.141848837552,0.144983657562,-0.009440777623,-0.006759835264,0.999673534055,-0.022759649722,keyframes_lidar/keyframe_000322.pcd,3300
323,1788255189297237248,1788255189.297237158,odom,8.799998329069,0.213796543197,0.164972112923,-0.002507059841,-0.006287353484,0.999680510958,-0.024352820116,keyframes_lidar/keyframe_000323.pcd,3203
324,1788255192295905792,1788255192.295905828,odom,9.820293720093,0.282499285566,0.170875540275,-0.002342773151,-0.004677015349,0.999624549216,-0.026896050766,keyframes_lidar/keyframe_000324.pcd,3222
325,1788255195297456640,1788255195.297456741,odom,10.836332139115,0.357063647905,0.175370491818,-0.002836479758,-0.005022705602,0.999558391128,-0.029150463761,keyframes_lidar/keyframe_000325.pcd,3172
326,1788255198297511168,1788255198.297511101,odom,11.842961546295,0.439833586397,0.178878006006,-0.006125875442,-0.007817814228,0.999515037801,-0.029513465404,keyframes_lidar/keyframe_000326.pcd,3345
327,1788255201297270016,1788255201.297270060,odom,12.863386189756,0.518326850379,0.200973331078,-0.003174067121,-0.009395370971,0.999395710549,-0.033314652006,keyframes_lidar/keyframe_000327.pcd,3446
328,1788255204296021504,1788255204.296021461,odom,13.874473209918,0.609118659500,0.208343314091,-0.003900805193,-0.007377228813,0.999492087635,-0.030755925750,keyframes_lidar/keyframe_000328.pcd,3481
329,1788255209297640192,1788255209.297640085,odom,14.784549948330,0.688035586075,0.216074954433,-0.005040079262,-0.005054055627,0.999470060606,-0.031759283300,keyframes_lidar/keyframe_000329.pcd,3443
330,1788255214395326976,1788255214.395326853,odom,15.756819131469,0.773085606223,0.227679489109,-0.005499304504,-0.004893477730,0.999387188147,-0.034220749449,keyframes_lidar/keyframe_000330.pcd,3404
331,1788255219397940992,1788255219.397940874,odom,15.719089803841,0.772100089348,0.226001278890,-0.005221469115,-0.004642908484,0.999446677240,-0.032519517442,keyframes_lidar/keyframe_000331.pcd,3370
332,1788255224495861504,1788255224.495861530,odom,15.889547027071,0.654149615355,0.225992346039,-0.005795349459,-0.004634730579,0.990772098744,-0.135335071390,keyframes_lidar/keyframe_000332.pcd,3381
333,1788255229497509888,1788255229.497509956,odom,16.516863238558,0.343333794898,0.231257784169,0.003255421744,0.000844986472,-0.779124566837,0.626860110055,keyframes_lidar/keyframe_000333.pcd,3092
334,1788255234497726464,1788255234.497726440,odom,16.733860434195,0.387035127496,0.234956091231,0.003164143897,-0.000334115650,-0.666456893835,0.745536776571,keyframes_lidar/keyframe_000334.pcd,3112
335,1788255239497822976,1788255239.497823000,odom,16.644295098141,0.636829001151,0.233490678169,0.003312605278,-0.000612641738,-0.709549245452,0.704647798262,keyframes_lidar/keyframe_000335.pcd,3158
336,1788255244597563136,1788255244.597563028,odom,16.614575017762,1.596080758319,0.233486638647,0.005439330339,0.000637641499,-0.727367650620,0.686226134689,keyframes_lidar/keyframe_000336.pcd,3187
337,1788255249597635584,1788255249.597635508,odom,16.616320331358,1.581153373055,0.234037826129,0.005435604950,0.001031342819,-0.725824994502,0.687857156601,keyframes_lidar/keyframe_000337.pcd,3190
338,1788255254697622528,1788255254.697622538,odom,16.609127553609,1.464325101105,0.232800742832,0.005901923934,0.001840873690,-0.728799129284,0.684699647753,keyframes_lidar/keyframe_000338.pcd,2984
339,1788255259797538048,1788255259.797538042,odom,16.591847073151,1.311525356717,0.233984578404,0.007161505159,0.002386463780,-0.733225339883,0.679943834877,keyframes_lidar/keyframe_000339.pcd,2988
340,1788255264897290496,1788255264.897290468,odom,16.601575598540,1.315644871154,0.230957439911,0.006927860792,0.002349659263,-0.731210398522,0.682112774356,keyframes_lidar/keyframe_000340.pcd,2231
341,1788255269897563136,1788255269.897563219,odom,16.666798067878,0.966649686085,0.237980600036,0.003894625250,-0.001021194751,-0.699142207233,0.714971302306,keyframes_lidar/keyframe_000341.pcd,2759
342,1788255274996953600,1788255274.996953487,odom,16.842876892926,0.332941407472,0.235020389177,0.003625575133,0.000524341895,-0.669811473577,0.742522168110,keyframes_lidar/keyframe_000342.pcd,2799
343,1788255279997433856,1788255279.997433901,odom,16.841478124689,0.336301505249,0.234053825298,0.003324668948,0.000298399237,-0.669678728643,0.742643425836,keyframes_lidar/keyframe_000343.pcd,3167
344,1788255285096934144,1788255285.096934080,odom,16.908156491611,0.363873689527,0.235221532087,0.003204613942,0.000139435205,-0.630805368892,0.775934467326,keyframes_lidar/keyframe_000344.pcd,3165
345,1788255290097196544,1788255290.097196579,odom,16.843245781377,0.333359780586,0.233944754691,0.003349314482,0.000256275679,-0.668845534072,0.743393817547,keyframes_lidar/keyframe_000345.pcd,3061
346,1788255295097416192,1788255295.097416162,odom,16.812028099592,0.448665247665,0.232273254034,0.002439143076,0.000113809259,-0.680281529898,0.732946845077,keyframes_lidar/keyframe_000346.pcd,2967
347,1788255300097692416,1788255300.097692490,odom,16.779800716233,0.794345310409,0.234489582818,0.002444149548,-0.001061128278,-0.678872637823,0.734251211613,keyframes_lidar/keyframe_000347.pcd,3124
348,1788255305197476352,1788255305.197476387,odom,16.761116933079,0.791393034470,0.234798491890,0.002586216113,-0.001049666551,-0.688492277210,0.725238301463,keyframes_lidar/keyframe_000348.pcd,3115
349,1788255310297639424,1788255310.297639370,odom,16.731051752910,0.802968806362,0.235399983232,0.002522591034,-0.001262184629,-0.708447903697,0.705757473337,keyframes_lidar/keyframe_000349.pcd,3150
350,1788255313997516288,1788255313.997516394,odom,16.706934957613,1.825980297435,0.237711215793,0.003436700562,-0.001124303246,-0.690474220679,0.723347963023,keyframes_lidar/keyframe_000350.pcd,3202
351,1788255319097509888,1788255319.097509861,odom,16.649226175039,2.785944297268,0.237755043053,-0.001955873326,-0.004028180536,-0.697448931086,0.716620497089,keyframes_lidar/keyframe_000351.pcd,3058
352,1788255324197196032,1788255324.197196007,odom,16.605016455573,3.761913148332,0.225225700310,-0.001927165886,-0.000178233112,-0.698443092551,0.715662979854,keyframes_lidar/keyframe_000352.pcd,3184
353,1788255329198085632,1788255329.198085546,odom,16.557166323534,4.710921746718,0.224712937586,0.004175602747,-0.004281829265,-0.698629741869,0.715458394357,keyframes_lidar/keyframe_000353.pcd,3341
354,1788255334297267200,1788255334.297267199,odom,16.506369406409,5.686339444064,0.221598966403,0.006897973596,-0.006814509822,-0.698769564826,0.715281116547,keyframes_lidar/keyframe_000354.pcd,3354
355,1788255339298124800,1788255339.298124790,odom,16.460148631773,6.636543955081,0.220673458968,0.009693334636,-0.008779339838,-0.697452293788,0.716511870345,keyframes_lidar/keyframe_000355.pcd,3318
356,1788255344396931328,1788255344.396931410,odom,16.421198680139,7.612162054172,0.215899124960,0.006438902070,-0.000741293496,-0.697031509125,0.717011203755,keyframes_lidar/keyframe_000356.pcd,3369
357,1788255349398010368,1788255349.398010492,odom,16.377195480428,8.560481860303,0.219494428042,0.006547209781,0.002501406452,-0.696572236069,0.717452435321,keyframes_lidar/keyframe_000357.pcd,3266
358,1788255354497962240,1788255354.497962236,odom,16.329085450845,9.536847032361,0.234244109789,0.002817610326,0.000671228091,-0.696492698292,0.717558033716,keyframes_lidar/keyframe_000358.pcd,3334
359,1788255359597743360,1788255359.597743273,odom,16.273055124430,10.505653829220,0.239533450541,0.003997943234,-0.002367042367,-0.695993321332,0.718033223619,keyframes_lidar/keyframe_000359.pcd,3438
360,1788255364597826048,1788255364.597826004,odom,16.224392248170,11.473502368962,0.241501435012,-0.000668820283,-0.009677442065,-0.696121219926,0.717858723540,keyframes_lidar/keyframe_000360.pcd,3421
361,1788255369697982208,1788255369.697982311,odom,16.167236431814,12.442925971887,0.222686552857,0.005299239852,-0.009749257367,-0.695113568533,0.718814299301,keyframes_lidar/keyframe_000361.pcd,3351
362,1788255374797335296,1788255374.797335386,odom,16.117286039818,13.418689446630,0.215037045551,0.004158971173,-0.002659800860,-0.694436661036,0.719536901227,keyframes_lidar/keyframe_000362.pcd,3321
363,1788255379797683712,1788255379.797683716,odom,16.065035638752,14.372176993436,0.214484475330,0.002117646756,-0.003973271300,-0.695625656029,0.718390336350,keyframes_lidar/keyframe_000363.pcd,3439
364,1788255384897492992,1788255384.897492886,odom,16.011972712989,15.347226446694,0.211881118444,0.003555689057,-0.004395638987,-0.696272482080,0.717755296833,keyframes_lidar/keyframe_000364.pcd,3392
365,1788255389897519616,1788255389.897519588,odom,15.962304279889,16.281047632452,0.207529453772,0.004655838535,-0.004813415987,-0.696446549448,0.717577422969,keyframes_lidar/keyframe_000365.pcd,3421
366,1788255394997275392,1788255394.997275352,odom,15.911102637749,17.257004082695,0.207437614072,0.004794285849,-0.006498220649,-0.696370737943,0.717636804581,keyframes_lidar/keyframe_000366.pcd,3350
367,1788255399997445632,1788255399.997445583,odom,15.858514486566,18.209173721921,0.202369257939,0.008529816995,-0.005371287946,-0.696322036650,0.717658702144,keyframes_lidar/keyframe_000367.pcd,3401
368,1788255405095899648,1788255405.095899582,odom,15.811546554149,19.179151944432,0.201294668664,0.007733494992,-0.000074353287,-0.696305092396,0.717704260703,keyframes_lidar/keyframe_000368.pcd,3411
369,1788255410097472512,1788255410.097472429,odom,15.769286256230,20.131646688772,0.206462654966,0.001209855350,0.002857031646,-0.696455360588,0.717593411570,keyframes_lidar/keyframe_000369.pcd,3371
370,1788255415196812800,1788255415.196812868,odom,15.718191072753,21.096244609303,0.212170708741,0.001254040739,0.003234423515,-0.696546850535,0.717502927448,keyframes_lidar/keyframe_000370.pcd,3386
371,1788255420197457152,1788255420.197457075,odom,15.671602075515,22.048686542993,0.216618009513,-0.001064598490,0.001433273817,-0.696911628505,0.717154791109,keyframes_lidar/keyframe_000371.pcd,3315
372,1788255425294778624,1788255425.294778585,odom,15.621785250785,23.024170299444,0.217486084104,-0.002487123397,-0.001290322097,-0.696936747021,0.717127129551,keyframes_lidar/keyframe_000372.pcd,3372
373,1788255430297234432,1788255430.297234535,odom,15.568566881935,23.982887239947,0.215035055293,0.001840187609,-0.004384790902,-0.697117009288,0.716941603396,keyframes_lidar/keyframe_000373.pcd,3394
374,1788255435297312256,1788255435.297312260,odom,15.526206779918,24.799882925471,0.212659279930,0.001237944741,-0.008371388382,-0.695894563789,0.718094104862,keyframes_lidar/keyframe_000374.pcd,3396
375,1788255440397610496,1788255440.397610426,odom,15.580136157869,23.850994548835,0.216920679259,0.001300952993,-0.004074745269,-0.695424610534,0.718586330956,keyframes_lidar/keyframe_000375.pcd,3490
376,1788255445496632832,1788255445.496632814,odom,15.636371943028,22.873229042304,0.218864767806,-0.002049409628,-0.000786466783,-0.695803336398,0.718229001397,keyframes_lidar/keyframe_000376.pcd,3384
377,1788255450497509632,1788255450.497509718,odom,15.689357995332,21.916234914125,0.217113444446,-0.001482974606,0.001371796949,-0.695626251554,0.718401028053,keyframes_lidar/keyframe_000377.pcd,3363
378,1788255455596285696,1788255455.596285582,odom,15.739366886804,20.941505983768,0.210789586321,0.000904432708,0.004179688888,-0.695622972280,0.718394315567,keyframes_lidar/keyframe_000378.pcd,3371
379,1788255460597450240,1788255460.597450256,odom,15.785201453555,19.987361170006,0.206257502358,0.001456650798,0.003152313108,-0.696028567653,0.718005692249,keyframes_lidar/keyframe_000379.pcd,3384
380,1788255465597594624,1788255465.597594500,odom,15.835652726040,19.031651460140,0.201324493971,0.005960812935,-0.001156683267,-0.693953158089,0.719994545237,keyframes_lidar/keyframe_000380.pcd,3431
381,1788255470598234368,1788255470.598234415,odom,15.876495934793,18.075227513837,0.202644750439,0.007851497670,-0.005659811325,-0.695319371904,0.718635715488,keyframes_lidar/keyframe_000381.pcd,3375
382,1788255475698040064,1788255475.698040009,odom,15.923908971756,17.102449516737,0.207803600957,0.004313161419,-0.006838556677,-0.696462467301,0.717547672578,keyframes_lidar/keyframe_000382.pcd,3328
383,1788255480698181888,1788255480.698181868,odom,15.975794399991,16.145699666081,0.209851528860,0.004046104141,-0.005207446226,-0.695593008905,0.718405788888,keyframes_lidar/keyframe_000383.pcd,3371
384,1788255485797446912,1788255485.797446966,odom,16.026439408951,15.175177352800,0.213391644920,0.003324474364,-0.004077119128,-0.695642251140,0.718369113617,keyframes_lidar/keyframe_000384.pcd,3400
385,1788255490797918208,1788255490.797918320,odom,16.075322653793,14.218728893537,0.218599251549,0.001445582246,-0.004577008248,-0.696066380653,0.717961388246,keyframes_lidar/keyframe_000385.pcd,3415
386,1788255495897006080,1788255495.897006035,odom,16.129840686079,13.240944321986,0.216185941547,0.004296363916,-0.003324798962,-0.694119203534,0.719839578138,keyframes_lidar/keyframe_000386.pcd,3331
387,1788255500997924096,1788255500.997924089,odom,16.179991927492,12.276984331862,0.225878292926,0.004083638956,-0.010371818468,-0.693769003946,0.720111323643,keyframes_lidar/keyframe_000387.pcd,3407
388,1788255506097705472,1788255506.097705364,odom,16.234970723779,11.306986931273,0.246288818281,-0.001038252953,-0.009924624924,-0.694746325778,0.719185627407,keyframes_lidar/keyframe_000388.pcd,3400
389,1788255511197792000,1788255511.197792053,odom,16.290253646748,10.331979881611,0.241317124598,0.004199896222,-0.001961542831,-0.694803151764,0.719185020367,keyframes_lidar/keyframe_000389.pcd,3467
390,1788255516297492480,1788255516.297492504,odom,16.344569597755,9.354880685053,0.232654884734,0.003360737303,0.001488565026,-0.695572250681,0.718446750776,keyframes_lidar/keyframe_000390.pcd,3322
391,1788255521297590528,1788255521.297590494,odom,16.394343351822,8.397910204800,0.220976730216,0.005625517480,0.002067152968,-0.694375224870,0.719588165215,keyframes_lidar/keyframe_000391.pcd,3357
392,1788255526397522944,1788255526.397522926,odom,16.440854976167,7.422076097143,0.217942294822,0.005232043969,-0.001231077636,-0.694856350358,0.719128474288,keyframes_lidar/keyframe_000392.pcd,3363
393,1788255531497436160,1788255531.497436047,odom,16.476610911632,6.453499425581,0.224532307948,0.008710765410,-0.008996283304,-0.696226051174,0.717713365571,keyframes_lidar/keyframe_000393.pcd,3271
394,1788255536497524224,1788255536.497524261,odom,16.519847259678,5.497708737020,0.226393249800,0.005290368009,-0.007254222043,-0.697501517100,0.716527055953,keyframes_lidar/keyframe_000394.pcd,3338
395,1788255541597493760,1788255541.597493887,odom,16.571387391311,4.524351162359,0.224485982236,0.004252636708,-0.003768141249,-0.697464217107,0.716597084873,keyframes_lidar/keyframe_000395.pcd,3239
396,1788255546597527552,1788255546.597527504,odom,16.616873967505,3.571947342250,0.228055475728,-0.003073605027,-0.000963427267,-0.698361887935,0.715737590350,keyframes_lidar/keyframe_000396.pcd,3171
397,1788255551697330944,1788255551.697330952,odom,16.659743166705,2.607281250964,0.244095263046,-0.002959348243,-0.005141653588,-0.697269953783,0.716784079907,keyframes_lidar/keyframe_000397.pcd,3052
398,1788255556497150720,1788255556.497150660,odom,16.702483680794,1.555331409856,0.233260191607,0.005268153365,0.001741261963,-0.697898998235,0.716174701333,keyframes_lidar/keyframe_000398.pcd,3146
399,1788255560495612672,1788255560.495612621,odom,16.759717273627,0.530245853040,0.233757937845,0.003826508274,-0.000069197736,-0.695211508790,0.718795041088,keyframes_lidar/keyframe_000399.pcd,3080
400,1788255565497306112,1788255565.497306108,odom,16.311973036776,0.413478585581,0.228470700447,-0.003989300992,-0.001941960347,0.894487158542,-0.447071624542,keyframes_lidar/keyframe_000400.pcd,3155
401,1788255570596834560,1788255570.596834660,odom,15.880248609619,0.921725131203,0.227593441104,-0.006006326387,-0.005279866915,0.998690905806,0.050522487169,keyframes_lidar/keyframe_000401.pcd,3404
402,1788255574997127936,1788255574.997128010,odom,16.889871568413,0.876417931727,0.238637335718,-0.002690260315,-0.005764911950,0.999958063949,0.006587763833,keyframes_lidar/keyframe_000402.pcd,3363
403,1788255577996813824,1788255577.996813774,odom,17.906681728834,0.882765128186,0.245003695359,-0.004721301347,-0.006294523735,0.999958258015,0.004644406549,keyframes_lidar/keyframe_000403.pcd,3389
404,1788255582997546240,1788255582.997546196,odom,18.879617316039,0.894588955852,0.254565108933,-0.002910560365,-0.006730511229,0.999965166435,0.003986824926,keyframes_lidar/keyframe_000404.pcd,3384
405,1788255588096059904,1788255588.096059799,odom,19.285869786035,0.464044809087,0.254819969624,-0.002760737870,-0.002051203480,0.901486792669,-0.432792945338,keyframes_lidar/keyframe_000405.pcd,3084
406,1788255593098577664,1788255593.098577738,odom,19.850420125238,0.486263648771,0.259156653226,0.001251704060,0.001057033273,-0.639327597147,0.768932727515,keyframes_lidar/keyframe_000406.pcd,2575
407,1788255598197038848,1788255598.197038889,odom,19.924161721489,0.145469766405,0.258795560283,0.001298409020,0.001294416534,-0.638262714632,0.769816436386,keyframes_lidar/keyframe_000407.pcd,2476
408,1788255603198336000,1788255603.198335886,odom,19.825256571087,0.113720867844,0.258342762443,0.000920978204,0.000474787914,-0.696455045449,0.717599676731,keyframes_lidar/keyframe_000408.pcd,2673
409,1788255608297120512,1788255608.297120571,odom,19.771415921766,0.302465740045,0.257766950227,0.001216586978,0.001525758731,-0.723968126950,0.689830662653,keyframes_lidar/keyframe_000409.pcd,2707
410,1788255613297257984,1788255613.297257900,odom,19.743562121769,0.603146868881,0.257420842886,0.001561627652,0.001401141620,-0.763451738837,0.645861471670,keyframes_lidar/keyframe_000410.pcd,2811
411,1788255618297868544,1788255618.297868490,odom,19.944707301904,0.289449911802,0.260068084202,0.001887640022,0.001681198467,-0.675120513921,0.737703125973,keyframes_lidar/keyframe_000411.pcd,2488
412,1788255623397046016,1788255623.397046089,odom,19.855908255813,0.134008686860,0.259630456990,0.000891574606,0.000481122722,-0.737324281160,0.675538213595,keyframes_lidar/keyframe_000412.pcd,2698
413,1788255628498099456,1788255628.498099566,odom,19.818031742353,0.356697423162,0.257531168988,0.001698009914,0.001636811154,-0.762110894433,0.647442215335,keyframes_lidar/keyframe_000413.pcd,2737
414,1788255633596837888,1788255633.596837997,odom,19.953045913797,0.931590621329,0.259507099359,0.002585057515,0.000471445728,-0.690182396996,0.723630675202,keyframes_lidar/keyframe_000414.pcd,2493
415,1788255637097452800,1788255637.097452879,odom,19.905285020333,1.940856123021,0.262567300223,0.006594747508,0.001393638911,-0.705339508910,0.708837600756,keyframes_lidar/keyframe_000415.pcd,2561
416,1788255642097717248,1788255642.097717285,odom,19.872195486479,2.923499946636,0.265580294346,0.005190751510,-0.006424216821,-0.697785875719,0.716258792047,keyframes_lidar/keyframe_000416.pcd,2509
417,1788255647197819648,1788255647.197819710,odom,19.832991780174,3.888582483477,0.262511873762,0.005591777033,-0.000207237627,-0.696211954541,0.717814463101,keyframes_lidar/keyframe_000417.pcd,2570
418,1788255652297591040,1788255652.297590971,odom,19.791921238043,4.867143769708,0.270242728364,-0.001553696368,0.003104537792,-0.695917606910,0.718113244736,keyframes_lidar/keyframe_000418.pcd,2625
419,1788255657396397312,1788255657.396397352,odom,19.739847561154,5.839849871680,0.266156809060,-0.004951551345,0.002793035071,-0.695526957536,0.718477510041,keyframes_lidar/keyframe_000419.pcd,2674
420,1788255662396567040,1788255662.396567106,odom,19.693636018345,6.798911725994,0.267955700928,-0.006520479049,0.001586038455,-0.696030979699,0.717980391887,keyframes_lidar/keyframe_000420.pcd,2685
421,1788255667397308672,1788255667.397308588,odom,19.641591765566,7.749427678687,0.247856347780,-0.003832869012,0.003617970438,-0.696396300129,0.717638079098,keyframes_lidar/keyframe_000421.pcd,2771
422,1788255672397391360,1788255672.397391319,odom,19.588472392494,8.697261298109,0.251121526897,0.004689997415,0.003586268858,-0.695707820366,0.718300613449,keyframes_lidar/keyframe_000422.pcd,2706
423,1788255677497173248,1788255677.497173309,odom,19.536889298881,9.680309032555,0.269263398279,-0.001056649858,-0.004540869168,-0.695553049090,0.718459616054,keyframes_lidar/keyframe_000423.pcd,2715
424,1788255682497421568,1788255682.497421503,odom,19.490384724211,10.637721622439,0.254309102985,-0.003047328235,-0.002142905730,-0.695256049664,0.718752493666,keyframes_lidar/keyframe_000424.pcd,2762
425,1788255687497473024,1788255687.497473001,odom,19.439942846536,11.588186283476,0.246929234676,-0.003238793929,0.002153317053,-0.695203938483,0.718802029322,keyframes_lidar/keyframe_000425.pcd,2822
426,1788255692497498624,1788255692.497498512,odom,19.394734616575,12.544082365022,0.245123234522,-0.010342287454,0.003399437437,-0.695808779250,0.718144570148,keyframes_lidar/keyframe_000426.pcd,2982
427,1788255697497574400,1788255697.497574329,odom,19.343241127417,13.509319275928,0.225175787380,-0.012493023802,0.003382795336,-0.695615558965,0.718297622980,keyframes_lidar/keyframe_000427.pcd,3041
428,1788255702597806336,1788255702.597806454,odom,19.295590020893,14.478180706939,0.206730762539,-0.007582499148,0.010269365413,-0.695841810590,0.718081625218,keyframes_lidar/keyframe_000428.pcd,2858
429,1788255707697238272,1788255707.697238207,odom,19.242498310501,15.448544794201,0.222156371272,-0.007020944768,0.007999828393,-0.695603952686,0.718346608601,keyframes_lidar/keyframe_000429.pcd,2845
430,1788255712697302272,1788255712.697302341,odom,19.188403121976,16.406948246330,0.219922488825,-0.001374313323,0.005948385366,-0.695710893641,0.718295956026,keyframes_lidar/keyframe_000430.pcd,2792
431,1788255717797321216,1788255717.797321320,odom,19.135143207888,17.378375201071,0.223537906869,0.001059420380,0.004694039885,-0.695392529936,0.718613994386,keyframes_lidar/keyframe_000431.pcd,2786
432,1788255722894799616,1788255722.894799709,odom,19.089585373925,18.344516609470,0.227930397679,-0.005784269377,0.010422430475,-0.695272861958,0.718647036170,keyframes_lidar/keyframe_000432.pcd,2806
433,1788255727897277184,1788255727.897277117,odom,19.036589644090,19.306123025503,0.227362367952,-0.009155240680,0.008275666901,-0.694606879700,0.719283655854,keyframes_lidar/keyframe_000433.pcd,2783
434,1788255732996548352,1788255732.996548414,odom,18.975699023674,20.273181141192,0.225599913479,0.004825743004,0.007795365885,-0.694428426563,0.719503373763,keyframes_lidar/keyframe_000434.pcd,2854
435,1788255737998224640,1788255737.998224735,odom,18.917359266266,21.227365300991,0.250697440817,0.003163573623,0.003114840422,-0.693581663421,0.720364328474,keyframes_lidar/keyframe_000435.pcd,2816
436,1788255743098114816,1788255743.098114729,odom,18.859414160695,22.206957992093,0.256519627975,-0.001734921366,-0.002705530646,-0.692832739595,0.721091162820,keyframes_lidar/keyframe_000436.pcd,2913
437,1788255748197432832,1788255748.197432756,odom,18.798899807614,23.179266290408,0.251134695321,-0.002349154310,-0.001173275598,-0.692684378526,0.721236061664,keyframes_lidar/keyframe_000437.pcd,2872
438,1788255753198005504,1788255753.198005438,odom,18.768323935444,23.763531543675,0.244741744646,-0.003736489959,0.002906200605,-0.692839237192,0.721076545207,keyframes_lidar/keyframe_000438.pcd,2848
